行政區,建照年度,完工年度,建案名稱,基地面積(坪),建蔽面積(坪),建蔽率(%),容積率(%),公設比(%),棟數,地上樓層,地下樓層,總戶數,平面車位,機械車位,總車位數,預估工期,建造執照,預估工期.1,投資建設,建築設計,營造公司,企劃銷售,結構工程,座向規劃,車位規劃,車位配比,用途規劃,土地分區,管理費用,景觀設計,公設設計,燈光設計,棟戶規劃,樓層規劃,基地地址,建材說明,url,爬蟲耗時(秒),更新日期,sell type
中山區,111,114,長安馥,80.0,47,59.44,800,39,1,9,2,24,0,10,10,3,111建字第0036號,3,康喬建設,洪新發建築師事務所,待定,自售,RC鋼筋混凝土結構,朝南,機械式10個,1:0.42,住家用,第四種商業區,150元/坪/月,無,無,無,1幢，1棟，24戶住家,地上9層，地下2層,台北市中山區長安東路一段95號,社區大門面部辨識解鎖，一次性QRcode訪客開門，防暴鑄鋁鋼木門+指紋多合一電子玄關鎖，多功能平板對講機，情境控制系統+語音控制，遠端遙控家電，德國RICHGermany廚具，Ariston洗脫烘衣機，Ariston內坎式冰箱，廚下型冷熱飲水機，德國Ginova衛浴，TOTO全自動智能馬桶，UNOnext空氣偵測器+VAF換氣系統，三協アルミ隔音氣密窗，5mm+5mm膠合Low-E玻璃，德國Egger超耐磨木地板,https://newhouse.591.com.tw/130311/detail,82,2022-10-26,newhouse
中山區,111,115,上城若水,203.0,97,48.04,560,36.98,1,15,3,115,0,44,44,4,111建字第0075號,4,若水環境整合,莫國箴建築師事務所,信創營造,傳真實業,RC鋼筋混凝土結構,朝北、朝南、朝東,機械式44個、預留充電樁管線,1:0.38,住商用,第三種商業區(原屬第三之一種住宅區、第三之二種住宅區),待定,聿善景觀設計,聿善景觀設計,日本虎尾室設、工一設計,1幢，1棟，112戶住家，3戶店面,地上15層，地下3層,台北市中山區市民大道三段5號,高智能科技宅，AcerAirMonitorPro十合一智慧空氣品質偵測(二氧化碳、溫度、濕度、亮度、甲醛、懸浮微粒PM10、懸浮微粒PM2.5、一氧化碳、臭氧O3、二氧化碳),https://newhouse.591.com.tw/129396/detail,85,2022-10-26,newhouse
中山區,110,114,躍大直,763.0,328,43.08,225,34,1,22,4,127,144,0,144,4,110建字第0016號,4,聖得福建設開發,徐國書建築師事務所,盛德營造,創意家行銷,SRC鋼骨鋼筋混凝土結構,朝西、朝東,平面式144個、預留充電樁管線,1:1.13,住商用,第三種住宅區,待定,知寓設計,知寓設計,十苑設計,1幢，1棟，126戶住家，1戶事務所,地上22層，地下4層,台北市中山區大直街94巷8號(道明外僑學校旁),廚具：Noblessa、Bosch三機，衛浴：Villeroy&Boch、TOTO馬桶，五金：Villeroy&Boch。,https://newhouse.591.com.tw/128751/detail,81,2022-10-27,newhouse
中山區,110,116,中山．吉美,520.0,331,63.7,800,35,2,15、24,5,197,127,14,141,6,110建字第0096號,6,吉美建設,三賦聯合建築師事務所,泛亞工程建設,霞飛廣告,SRC鋼骨鋼筋混凝土結構,朝北、朝南,平面式127個、機械式14個、預留充電樁管線,1:0.72,住商用,第四種商業區,待定,老圃景觀實業,老圃景觀實業,郭陞弘建築&室內設計事務所,1幢，2棟，194戶住家，3戶店面,地上15、24層，地下5層,台北市中山區中山北路二段93巷13號,Cesar廚具；Hansgrohe、TOTO衛浴；Hansgrohe五金。外觀建築：玫格設計顧問結構設計：圓方結構工程技師事務所,https://newhouse.591.com.tw/128581/detail,86,2022-10-26,newhouse
中山區,110,116,璞真之道,374.0,241,64.68,800,34,1,23,6,63,97,16,113,6,110建字第0243號,6,璞真建設,P&T建築團隊、陳金水建築師事務所,盛德營造,海鉅開發,SC鋼骨結構,朝北、朝南、朝西、朝東,平面式97個、機械式16個、預留充電樁管線,1:1.79,住商用,第四種商業區,230元/坪/月,頤和景觀,頤和景觀,萊比設計,1幢，1棟，54戶住家，8戶店面，1戶金融保險業,地上23層，地下6層,台北市中山區中山北路二段91號,"廚具：SieMatic,Bosch,BLANCO　衛浴：Laufen,DUSCHOLUX,TOTO,KALDEWEI　五金：GROHE　其他：YKK,dormakaba",https://newhouse.591.com.tw/129119/detail,82,2022-10-27,newhouse
中山區,109,114,最大直,631.0,283,44.95,400,34,1,25,5,115,144,0,144,5,109建字第0188號,5,聖得福建設開發,徐國書建築師事務所,大陸工程,創意家行銷,SRC鋼骨鋼筋混凝土結構,朝南,平面式144個,1:1.25,住家用,第三之二種住宅區,待定,知寓室內裝修設計,知寓室內裝修設計,築內國際企業,1幢，1棟，115戶住家,地上25層，地下5層,台北市中山區明水路375號,依現場為主,https://newhouse.591.com.tw/124481/detail,82,2022-10-27,newhouse
中山區,110,114,序東騰,237.0,128,54.3,225,35,2,14,4,37,49,0,49,4,110建字第0143號,4,東騰開發,邱垂睿建築師事務所,首鋼營造,甲桂林廣告,SRC,朝北、朝南,平面式49個、有充電樁,1:1.32,住家用,第三種住宅區,120元/坪/月,邱垂睿建築師事務所,邱垂睿建築師事務所,邱垂睿建築師事務所,1幢，2棟，37戶住家,"地上14層,地下4層",台北市中山區吉林路14巷18號,廚具：Nolte、Rinnai、Bosch　衛浴：Duravit、TOTO　五金：Hansgrohe,https://market.591.com.tw/3681553,53,2022-10-26,market
中山區,110,114,基泰大直,215.0,96,44.98,225,36,1,12,3,33,33,0,33,4,110建字第0363號,4,基泰建設,王德生、姚嘉志建築師事務所,暫無,金鼎揚廣告,RC,朝北、朝南,平面式33個、預留管線,1:1,住家用,第三種住宅區,暫無,無,無,無,1幢，1棟，33戶住家,"地上12層,地下3層",台北市中山區大直街94巷、94巷3弄交叉口,廚具：Panasonic、林內電器，衛浴：Panasonic、INAX,https://market.591.com.tw/3701216,62,2022-10-26,market
中山區,109,114,中山松悅,190.0,123,65.0,560,34,1,12,3,34,35,4,39,5,109建字第0175號,5,詔安建設,周夢龍建築師事務所,山發營造,詮力實業,RC,朝北,平面式35個、機械式4個、預留管線,1:1.11,住商用,第三種商業區,150元/戶/月,老圃造園工程,創柞室內裝修,蘭克斯照明,1幢，1棟，32戶住家，2戶店面,"地上12層,地下3層",台北市中山區長安西路15號旁,依現場為主,https://market.591.com.tw/5475273,54,2022-10-26,market
中山區,NA,114,原樹,180.0,87,48.4,225,35.58,1,12,3,33,1,35,36,NA,NA,NA,順天利實業,張維哲建築師事務所,暫無,璞石開發,RC,朝南、朝東,平面式1個、機械式35個、有充電樁,1:1.09,住家用,第三種住宅區,暫無,張維哲建築師事務所,張維哲建築師事務所,張維哲建築師事務所,1幢，1棟，33戶住家,"地上12層,地下3層",台北市中山區中原街112號,廚具：panasonic搭配林內三機衛浴：TOTO五金：TOTO其他：降躁超耐磨木地板、YKK氣密窗、耶魯四合一電子鎖、台達全室淨化新風機、歐蘭特電動曬衣架、長庚生技活水系統,https://market.591.com.tw/5854545,53,2022-10-27,market
中山區,111,114,世田安,146.0,63,43.4,560,35,1,7,2,23,15,0,15,3,111建字第0002號,3,世田建築,陳維翔建築師事務所,待定,世田建築,RC,朝南,平面式15個、預留管線,1:0.65,住家用,第三種商業區（特）,暫無,無,無,無,1幢，1棟，23戶住家,"地上7層,地下2層",台北市中山區松江路45巷37號,依現場為主,https://market.591.com.tw/5868546,53,2022-10-27,market
中山區,NA,114,誠美知寓,107.0,48,45.0,225,36.5,1,9,2,40,0,11,11,NA,NA,NA,誠美建築開發,三賦聯合建築師事務所,待定,馥鈺實業,RC,朝西北、朝東南,機械式11個、無充電樁,1:0.28,住家用,第三種住宅區,暫無,NA,工一設計,NA,1幢，1棟，40戶住家,"地上9層,地下2層",台北市中山區南京東路三段194巷1弄2號,RC鋼筋混凝土,https://market.591.com.tw/5857715,54,2022-10-26,market
中山區,NA,113,和歌誠美,301.0,190,63.4,800,33.9,1,15,4,96,55,0,55,NA,NA,NA,誠美建築開發,朱騰惠建築師事務所,上承營造,馥鈺實業,RC,朝東,平面式55個、無充電樁,1:0.57,住商用,第四種商業區,暫無,NA,NA,NA,1幢，1棟，90戶住家，6戶店面,"地上15層,地下4層",台北市中山區中山北路二段183巷5號旁,標準配備,https://market.591.com.tw/3668415,52,2022-10-27,market
中山區,NA,113,東騰界,254.0,164,64.9,560,36.5,1,15,4,190,46,16,62,NA,NA,NA,東騰開發,邱垂睿建築師事務所,東剛營造,甲桂林廣告,RC,朝東、朝西,平面式46個、機械式16個、無充電樁,1:0.33,住商用,第三種商業區,150元/戶/月,NA,NA,NA,1幢，1棟，189戶住家，1戶店面,"地上15層,地下4層",台北市中山區撫順街8號,依現場為主,https://market.591.com.tw/49605,53,2022-10-27,market
中山區,NA,113,中山直美,197.0,127,64.7,800,33,1,10,3,49,4,27,31,NA,NA,NA,鐵冠建設,群大建築師事務所、鄭復綱建築師事務所,昌譽營造,君頤廣告,RC,朝北、朝南,平面式4個、機械式27個、無充電樁,1:0.63,住家用,第四種商業區,100元/坪/月,NA,紅林室內裝修設計,NA,1幢，1棟，49戶住家,"地上10層,地下3層",台北市中山區新生北路二段76巷10~20號,林內三機廚具、panasonic免治馬桶、hansgrohe五金,https://market.591.com.tw/105212,53,2022-10-27,market
中山區,NA,113,揚昇松韻,177.0,105,59.37,225,34,1,10,2,26,1,29,30,NA,NA,NA,楊昇建設,劉啓芃建築師事務所,楊昇營造,信義代銷,RC,朝北,平面式1個、機械式29個、無充電樁,1:1.15,住商用,第三種住宅區,150元/坪/月,朱健健室內設計師,朱健健室內設計師,朱健健室內設計師,1幢，1棟，24戶住家，2戶店面,"地上10層,地下2層",台北市中山區松江路204巷10-20號,廚具：IMPULS德國進口廚具櫃體、樂天人造石檯面、林內隱藏式抽油煙機、BOSCH洗碗機、BOSCH雙口瓦斯爐、BOSCH微波烤箱、HansGrohe廚房龍頭水槽組。　衛浴：INNOCI馬桶、INNOCI衛浴櫃體、INNOCI臉盆、KOHLER暖風機、KOHLER淋浴花灑組、HansGrohe水槽龍頭　其他：YKK氣密窗、LOW-E複層玻璃、詠動智慧科技雲端保全系統、中鼎藝術名門、Yale電子密碼鎖、長庚生技活水系統、SHARP自動除菌離子設備、三菱節能電梯及候選綠建築標章與候選智慧建築銀級認證。,https://market.591.com.tw/3667214,55,2022-10-27,market
中山區,NA,113,藏美寓,159.0,87,55.11,560,36,1,15,3,63,1,48,49,NA,NA,NA,立詠建設、宣美飯店企業,王山頌、許世偉建築師事務所,安家國際營造,海悅國際開發,RC,朝西、朝東,平面式1個、機械式48個、無充電樁,1:0.77,住商用,第三種商業區（特）,150元/戶/月,苙盛建築師事務所,元澤設計,袁宗南照明設計,1幢，1棟，62戶住家，1戶店面,"地上15層,地下3層",台北市中山區建國北路一段52號,日本YKK氣密窗、6+6mmLow-E玻璃、美國Yale電子鎖、Hans廚具、日本INAX衛浴、Panasonic暖風機、德國Kaldewei鋼板琺瑯浴缸、德國Kronotex太格木地板+隔音墊、日本Daiken臥室門、Hitachi冷暖變頻空調主機、德國BWT淨水設備、得利除甲醛乳膠漆、英國Studor排水防疫系統、人臉辨識+體溫感測系統。,https://market.591.com.tw/105153,53,2022-10-26,market
中山區,NA,113,南京葒,114.0,51,45.0,225,36,1,9,2,33,0,20,20,NA,NA,NA,復翔建設,王兆舜建築師事務所、吳文修建築師事務所,暫無,詮欣廣告,RC,朝北、朝南,機械式20個、無充電樁,1:0.61,住家用,第三種住宅區,150元/坪/月,王兆舜建築師事務所,NA,王兆舜建築師事務所,1幢，1棟，33戶住家,"地上9層,地下2層",台北市中山區松江路108巷22號,櫻花三機廚具+淨水器、麗舍衛浴,https://market.591.com.tw/3681572,53,2022-10-27,market
中山區,NA,113,佳元松江,100.0,52,52.07,225,38.8,1,10,2,44,0,14,14,NA,NA,NA,佳元地產,陳克聚建築師事務所,暫無,聯碩行銷,RC,朝北、朝南、朝西,機械式14個、無充電樁,1:0.32,住商用,第三種住宅區,暫無,與作設計,與作設計,NA,1幢，1棟，42戶住家，2戶店面,"地上10層,地下2層",台北市中山區松江路252巷,Panasonic廚具、KOHLER、INNOCI衛浴,https://market.591.com.tw/104410,54,2022-10-26,market
中山區,108,114,序東騰,237.0,128,54.3,225,35,2,14,4,37,49,0,49,6,108建字第0140號,6,東騰開發,邱垂睿建築師事務所,首鋼營造,甲桂林廣告,SRC,朝北、朝南,平面式49個、有充電樁,1:1.32,住家用,第三種住宅區,120元/坪/月,邱垂睿建築師事務所,邱垂睿建築師事務所,邱垂睿建築師事務所,1幢，2棟，37戶住家,"地上14層,地下4層",台北市中山區吉林路14巷18號,廚具：Nolte、Rinnai、Bosch　衛浴：Duravit、TOTO　五金：Hansgrohe,https://market.591.com.tw/3681553,54,2022-10-26,market
中山區,NA,112,宏普頤和,509.0,184,36.2,225,34,1,20,4,36,65,0,65,NA,NA,NA,宏普建設,三門聯合建築師事務所,暫無,聯碩地產,RC,朝西,平面式65個、無充電樁,1:1.81,住家用,第三種住宅區,暫無,NA,NA,NA,1幢，1棟，36戶住家,"地上20層,地下4層",台北市中山區八德路二段146巷,LEICHT廚具、Hansgrohe衛浴、TOTO馬桶,https://market.591.com.tw/102208,54,2022-10-26,market
中山區,NA,112,合矩青山,274.0,181,66.4,800,33.98,1,15,3,124,0,75,75,NA,NA,NA,合矩建設開發,呂建勳建築師事務所,盛德營造,甲桂林廣告,RC,朝西、朝東,機械式75個、無充電樁,1:0.6,住商用,第四種商業區,暫無,NA,NA,NA,1幢，1棟，121戶住家，3戶店面,"地上15層,地下3層",台北市中山區雙城街23-1號,依現場為主,https://market.591.com.tw/102450,53,2022-10-26,market
中山區,NA,112,忠泰繪,271.0,160,59.4,800,34.88,1,13,4,120,0,62,62,NA,NA,NA,忠泰建設,蔣澤益建築師事務所,暫無,傳美廣告,RC,朝西、朝東,機械式62個、無充電樁,1:0.52,住商用,第四種商業區,暫無,NA,NA,NA,1幢，1棟，116戶住家，4戶店面,"地上13層,地下4層",台北市中山區德惠街14號,待定,https://market.591.com.tw/49555,53,2022-10-26,market
中山區,NA,112,匯泰鴻,117.0,74,63.78,630,37.5,1,13,3,61,0,25,25,NA,NA,NA,匯泰開發,三大聯合建築師事務所,台灣松下營造,甲桂林不動產代銷經紀,RC,朝西、朝北,機械式25個、無充電樁,1:0.41,住家用,第二種商業區,8907元/戶/月,NA,NA,NA,1幢，1棟，61戶住家,"地上13層,地下3層",台北市中山區建國北路二段70號,依現場為主,https://market.591.com.tw/49624,54,2022-10-27,market
中山區,106,隨時交屋,丹棠MORI,369.0,211,57.42,800,35,1,18,5,109,96,0,96,NA,106建字第0229號,NA,丹棠天津,黃模春建築師事務所,金藏營造工程,丹棠天津,SC鋼骨結構,朝西、朝東,平面式96個,1:0.88,住商用,第四種商業區,待定,無,無,十邑設計工程,1棟，105戶住家，3戶店面，1戶一般事務所,地上18層，地下5層,台北市中山區天津街、中山路一段83巷口,SC鋼骨+美國航太制震,https://newhouse.591.com.tw/116856/detail,83,2022-10-26,newhouse
中山區,NA,110,THE GREENHOUSE,219.0,139,63.77,800,33.65,1,11,4,46,43,0,43,NA,NA,NA,尚志資產開發,三大聯合建築師事務所,華熊營造,信義代銷,RC,朝東,平面式43個、有充電樁,1:0.93,住商用,第四種商業區,180元/戶/月,NA,葉裕清設計師,NA,1幢，1棟，44戶住家，2戶店面,"地上11層,地下4層",台北市中山區中山北路三段51~53號,Panasonic廚具、TOTO衛浴、Hansgrohe五金,https://market.591.com.tw/5880909,55,2022-10-26,market
中山區,105,隨時交屋,長野米蘭,165.0,71,43.52,225,36.5,1,10,4,19,0,26,26,NA,105建字第0136號,NA,長野建設(長虹機構),三門聯合建築師事務所,宏林營造,長野建設,RC鋼筋混凝土結構,朝東北,機械式26個,1:1.37,住商用,住三,待定,ebpc,ebpc,義大利ProgettoCMR、ebpc,1幢，1棟，18戶住家，1戶店面,地上10層，地下4層,台北市中山區北安路668號,依現場為主,https://newhouse.591.com.tw/124582/detail,82,2022-10-27,newhouse
中山區,104,隨時交屋,榮耀之星,1046.0,470,45.0,300,33,2,15、17,4,206,199,0,199,NA,104建字第0113號,NA,崑逸開發(松陽機構),周劍平建築師事務所,台新營造,鴻慶廣告,RC鋼筋混凝土結構,朝南、朝西、朝東、朝西南、朝東北,平面式199個,1:0.97,住家用,住三之一,100元/坪/月,六國景觀設計,六國景觀設計,雅臣室內裝修設計,2棟，186戶住家，20戶店面,地上15、17層，地下4層,台北市中山區五常街15號,依現場為主,https://newhouse.591.com.tw/110161/detail,83,2022-10-26,newhouse
中山區,103,隨時交屋,大喆,620.0,269,43.43,225,28,2,13,3,80,112,0,112,NA,103建字第0278號,NA,和典建設,黃宏輝建築師事務所,地樺營造,天品廣告,RC鋼筋混凝土結構,朝北、朝南,平面式112個,1:1.4,住商用,住3,80元/坪/月,無,無,空間美學室內裝修公司-陳鵬旭,1幢，2棟，64戶住家，15戶店面，1戶一般事務所,地上13層，地下3層,台北市中山區民生東路二段115巷,廚房：進口廚具衛浴：KOHLER衛浴五金：Hansgrohe漢斯格雅,https://newhouse.591.com.tw/119443/detail,82,2022-10-27,newhouse
中正區,NA,NA,四方荷韻,305.0,137,45.0,300,32,1,14,3,54,48,0,48,NA,NA,NA,四方開發建設,三門聯合,華熊營造,創意家行銷,SRC,朝北、朝南,平面式48個、無充電樁,1:0.89,住家用,第三之一種住宅區,4450元/戶/月,三門聯合建築師事務所,三門聯合建築師事務所,公祥貿易,1棟，52戶住家，2戶店面,"地上14層,地下3層",台北市中正區重慶南路二段82號,SRC鋼骨鋼筋混凝土構造，YKK氣密窗、Low-E玻璃、TOTO免治馬桶、ALNO廚具、STUDOR吸氣閥,https://market.591.com.tw/35929,53,2022-10-26,market
中正區,110,113,紀州樂章,107.0,57,53.54,225,37.9,1,9,3,18,0,14,14,3,110建字第0085號,3,台灣金融聯合都市更新服務,工合建築師事務所,樹盛營造,自售,RC鋼筋混凝土結構,朝西北、朝西南,機械式14個,1:0.78,住家用,第三種住宅區,待定,工合建築師事務所,工合建築師事務所,工合建築師事務所,1幢，1棟，18戶住家,地上9層，地下3層,台北市中正區金門街44巷6弄7號.9號,廚具：Panasonic。衛浴：TOTO，主臥：Panasonic暖風機，次臥：Panasonic抽風機。,https://newhouse.591.com.tw/129448/detail,95,2022-10-26,newhouse
中正區,110,115,國雄中正,621.0,279,45.0,225,35.8,2,11、17,4,89,109,0,109,5,110建字第0027號,5,總業建設(國雄集團),周夢龍建築師事務所,待定,海宇國際,RC鋼筋混凝土結構,朝東北,平面式109個、預留充電樁管線,1:1.22,住家用,第三種住宅區(特),待定,境業設計工程,境業設計工程,之壹建構,2幢，2棟，89戶住家,地上11、17層，地下4層,台北市中正區詔安街246號,建築外觀：PGA周簡建築師,https://newhouse.591.com.tw/129088/detail,88,2022-10-26,newhouse
中正區,110,115,富享榮華,253.0,131,51.88,560,29,1,15,5,63,67,0,67,5,110建字第0242號,5,富享建設,吳非士建築師事務所,華熊營造,自售,SC鋼骨結構,朝北、朝南,平面式67個,1:1.06,住商用,商三(原屬商二)、住三,120元/坪/月,無,無,元澤設計,1幢，1棟，44戶住家，10戶一般零售業，9戶一般事務所,地上15層，地下5層,台北市中正區金華街、羅斯福路口,"日本YKK氣密窗、Low-E玻璃、冷熱變頻空調室外主機,全熱交換機主機、SAMSUNG居家智能系統,DORIS廚具、德國BOSCH排油煙機/瓦斯爐/蒸烤爐/洗碗機、日本TOTO智慧型免治馬桶及五合一換氣暖房乾燥機、義大利CATALANO面盆、德國HANSGROHE龍頭/定溫頂噴花灑,美國愛惠浦冷熱飲水機.",https://newhouse.591.com.tw/128898/detail,82,2022-10-26,newhouse
中正區,109,112,中正H25,57.0,33,59.0,225,37.69,1,7,2,19,0,6,6,3,109建字第0215號,3,力天開發,呂大吉/許華山建築師,賀建營造,力天開發,RC鋼筋混凝土結構,朝西、朝東,機械式6個,1:0.32,住家用,第三種住宅區,200元/坪/月,許華山建築師,許華山建築師,無,1幢，1棟，19戶住家,地上7層，地下2層,台北市中正區齊東街,SmartKey門禁感應、三協氣密窗、美國磐石地板、櫻花廚具設備、德國Innoci衛浴五金、國際牌超級馬桶A.La.UnoSII、英國Studor吸氣筏、永大防疫電梯、鑽石級綠建築。,https://newhouse.591.com.tw/127448/detail,86,2022-10-26,newhouse
中正區,NA,114,睿泰川?,162.0,72,45.0,225,35,1,11,3,31,0,19,19,NA,NA,NA,睿泰建設,吳非士建築師事務所,暫無,信義代銷,RC,朝東,機械式19個、無充電樁,1:0.61,住家用,第三種住宅區,2035元/戶/月,境業設計-孫佩修,境業設計-孫佩修,主琉照明,1幢，1棟，31戶住家,"地上11層,地下3層",台北市中正區詔安街53巷旁,KOHLER、HANSGROHE、LOW-E玻璃,https://market.591.com.tw/104760,54,2022-10-26,market
中正區,NA,114,寶舖CARE,152.0,94,62.06,560,36.6,1,14,3,69,2,32,34,NA,NA,NA,寶舖建設,卓培煙建築師,昶明營造,信義代銷,RC,朝西北、朝西南、朝東北,平面式2個、機械式32個、無充電樁,1:0.49,住家用,第三種商業區,150元/坪/月,境觀設計,李林設計,十聿燈光,1幢，1棟，69戶住家,"地上14層,地下3層",台北市中正區羅斯福路三段212號旁,暫無,https://market.591.com.tw/3516297,54,2022-10-26,market
中正區,NA,114,寶舖care,152.0,94,62.06,560,36.6,1,14,3,69,2,32,34,NA,NA,NA,寶舖建設,卓培煙建築師,昶明營造,信義代銷,RC,朝西北、朝西南、朝東北,平面式2個、機械式32個、無充電樁,1:0.49,住家用,第三種商業區,150元/坪/月,境觀設計,李林設計,十聿燈光,1幢，1棟，69戶住家,"地上14層,地下3層",台北市中正區羅斯福路三段212號旁,暫無,https://market.591.com.tw/3516297,53,2022-10-27,market
中正區,NA,114,仁愛旭,86.0,36,43.0,225,36,1,10,3,18,0,20,20,NA,NA,NA,中星建設,黃明智建築師事務所,待定,聯碩地產,RC,朝西、朝東,機械式20個、有充電樁,1:1.11,住家用,第三種住宅區,225元/坪/月,黃明智建築師事務所,林大鈞,NA,1幢，1棟，18戶住家,"地上10層,地下3層",台北市中正區紹興南街22號,德奧廚具、KOHLER衛浴、TOTO馬桶、KOHLER五金,https://market.591.com.tw/5884194,55,2022-10-26,market
中正區,109,118,安家藏玉,651.0,188,29.0,225,36,1,21,4,159,127,0,127,9,109建字第209號,9,安家卓越,鄭誌明/威尼斯金獎MarkButler,日商大林組,新聯陽機構-新聯祥廣告,SC鋼骨結構,朝西北、朝東南,平面式127個,1:0.8,住商用,第三種住宅區(特),130元/坪/月,無,無,無,1幢，1棟，157戶住家，1戶店面，1戶圖書館,地上21層，地下4層,台北市中正區忠孝東路二段64巷10號,建築物構造為SC，基礎形式為筏式基礎配備為冷氣主機、全熱交換機、德國進口廚具、Kohler電腦馬桶、Hansgrohe衛浴五金,https://newhouse.591.com.tw/126531/detail,86,2022-10-27,newhouse
中正區,NA,113,林語堂,326.0,146,45.0,225,33.95,1,14,5,65,80,0,80,NA,NA,NA,永陞建設,呂建勳建築師事務所,炬曄營造,海悅廣告,RC,朝南,平面式80個、無充電樁,1:1.23,住商用,第三種住宅區,暫無,老圃景觀,工一設計,NA,1幢，1棟，64戶住家，1戶店面,"地上14層,地下5層",台北市中正區牯嶺街與廈門街99巷交叉口,RC鋼筋混凝土，結構：築遠工程顧問。,https://market.591.com.tw/49609,54,2022-10-26,market
中正區,107,111,台太學,77.0,37,48.84,560,38.95,1,13,4,48,1,18,19,4,107建字第0080號,4,東泰開發建設(新濠建設機構),李天鐸建築師事務所,宗輝營造,東泰開發建設,SC鋼骨結構,朝東北,平面式1個、機械式18個,1:0.4,住家用,第三種商業區,200元/坪/月,李天鐸建築師事務所,李天鐸建築師事務所,李天鐸建築師事務所,1幢，1棟，48戶住家,地上13層，地下4層,台北市中正區羅斯福路四段170號,電梯：台灣三菱防疫電梯中央弱電：中興保全智能系統(人臉辨識系統/社區智能櫃/AI辨識攝影機)鋁門窗：日本YKKap隔音氣密窗門鎖：德國dormakaba四合一電子鎖衛浴設備：日本INAX全自動超級馬桶、INAX恆溫龍頭及設備吸氣閥：英國STUDOR防疫吸氣閥飲水設備：美國3M全棟淨水器廚具設備：德國進口STORMER廚具隔音墊:全戶比利時隔音墊,https://newhouse.591.com.tw/119235/detail,90,2022-10-26,newhouse
中正區,107,112,向陽上冠,459.0,338,73.66,800,34,2,15,5,141,116,9,125,5,107建字第0128號,5,向陽開發建設,蔡錦勝建築師事務所,台運營造興業,麗緻廣告,RC鋼筋混凝土結構,朝北、朝南、朝西、朝東,平面式116個、機械式9個、預留充電樁管線,1:0.89,住商用,第四種商業區,待定,無,無,以太室內裝修,1幢，2棟，106戶住家，11戶店面，24戶事務所,地上15層，地下5層,台北市中正區漢口街一段67號旁,依現場為主,https://newhouse.591.com.tw/130904/detail,84,2022-10-26,newhouse
中正區,NA,112,羅丹,151.0,67,44.97,225,35,1,7,2,27,1,17,18,NA,NA,NA,合總建設,黃翔龍建築師事務所,待定,新環宇廣告,RC,朝西、朝西南,平面式1個、機械式17個、無充電樁,1:0.67,住家用,第三種住宅區,150元/戶/月,NA,NA,NA,1幢，1棟，27戶住家,"地上7層,地下2層",台北市中正區羅斯福路三段244巷9弄5號,RC鋼筋混凝土,https://market.591.com.tw/105164,53,2022-10-27,market
中正區,106,隨時交屋,冠德羅斯福,734.0,314,42.78,560,31,1,22,5,82,193,0,193,NA,106建字第107號,NA,冠德建設,黃秀莊建築師事務所,根基營造,創意家行銷,SRC鋼骨鋼筋混凝土結構,朝西南,平面式193個,1:2.35,住商用,商三特,待定,無,無,王勝正,1幢，1棟，68戶住家，2戶店面，12戶一般事務所,地上22層，地下5層,台北市中正區羅斯福路三段136、138號,待定,https://newhouse.591.com.tw/116055/detail,83,2022-10-26,newhouse
中正區,NA,110,中正首賦,327.0,147,45.0,300,32.99,1,13,4,36,49,0,49,NA,NA,NA,國賓大建設,三門聯合建築師事務所,世國營造,紅點整合行銷,SRC,朝東南,平面式49個、無充電樁,1:1.32,住商用,第三之一種住宅區,180元/戶/月,NA,NA,NA,1幢，1棟，33戶住家，3戶店面,"地上13層,地下4層",台北市中正區愛國東路88號,結構技師：竺樺結構技師事務所,https://market.591.com.tw/3677415,54,2022-10-26,market
中正區,103,隨時交屋,玖原品藏,144.0,64,45.0,225,35.94,1,8,3,41,26,0,26,NA,103建字第0216號,NA,玖原機構-玖恩建設,以兆建築事務所-趙國智建築師,富麗營造,玖原機構-玖佑建設,RC鋼筋混凝土結構,朝北、朝東,平面式26個,1:0.63,住商用,住3,待定,無,無,無,1幢，1棟，40戶住家，1戶店面,地上8層，地下3層,台北市中正區濟南路一段13巷6號(中國航運大樓旁),日立變頻空調inax全自動馬桶Mitsubishi四合一暖風機電子恆溫電能熱水器德國V&B花灑及面盆indexit牌洗脫烘衣機Mitsubishi全熱交換機（空氣清淨）長庚活水3M淨水器sansung高級電子輔助鎖日本YKK氣密窗6+6膠合玻璃svago雙口電陶爐杜邦人造石檯面喜特麗烘碗機。,https://newhouse.591.com.tw/115998/detail,85,2022-10-26,newhouse
信義區,111,115,令和,84.0,37,44.8,225,38.8,1,11,2,30,1,18,19,4,111建字第00119號,4,廣銘建設,亦明建築師事務所,廣億營造,令和廣告,RC鋼筋混凝土結構,朝南,平面式1個、機械式18個,1:0.63,住家用,第三種住宅區,150元/坪/月,無,無,無,1幢，1棟，30戶住家,地上11層，地下2層,台北市信義區松隆路9巷30弄3號,依現場為主,https://newhouse.591.com.tw/130704/detail,83,2022-10-26,newhouse
信義區,109,112,信松廣場,424.0,244,57.56,560,36,1,22,6,152,131,0,131,3,109建字第0010號,3,築實建設(大隱建築團隊),李天鐸建築師事務所,金藏營造,甲桂林廣告,SC鋼骨結構,朝北、朝南、朝東,平面式131個、有充電樁,1:0.86,住商用,第三種商業區,待定,李天鐸建築師事務所,李天鐸建築師事務所,無,1幢，1棟，124戶住家，8戶店面，20戶一般事務所,地上22層，地下6層,台北市信義區松隆路231號旁,SC純鋼骨，廚具：NOLTE廚具：衛浴：INAX，五金：GROHE龍頭，其他：大金空調室外機、日本三協氣密鋁門窗,https://newhouse.591.com.tw/122767/detail,82,2022-10-26,newhouse
信義區,109,112,信義CASA,316.0,142,45.0,225,35.8,1,8,4,64,54,0,54,3,109建字第0063號(改照中),3,汎利建設,陳逸倫建築師事務所,暘昌營造,自售,RC鋼筋混凝土結構,朝北,平面式54個,1:0.84,住家用,第三種住宅區,待定,太研景觀,太研景觀,域研近相建築&設計,1幢，1棟，64戶住家,地上8層，地下4層,台北市信義區吳興街524巷與吳興街432巷交叉口,RC鋼筋混凝土,https://newhouse.591.com.tw/125893/detail,81,2022-10-27,newhouse
信義區,NA,114,宏築信義,1777.0,568,32.0,225,33,3,24,3,232,247,0,247,NA,NA,NA,立築開發,黃永沃建築師事務所,暫無,創意家行銷,SRC,朝東南,平面式247個、無充電樁,1:1.06,住商用,第三種住宅區,130元/戶/月,六國,英國設計團隊G.ADesign,袁宗南照明設計事務所,1幢，3棟，229戶住家，3戶店面,"地上24層,地下3層",台北市信義區和平東路三段463巷旁(捷運麟光站旁),SRC鋼骨鋼筋混凝土｜新日鐵雙制震｜進口LEICHT、SIEMATIC或PEDINI廚具｜進口INAX、TOTO、V&B或DURAVIT衛浴｜美國Yale三合一電子鎖｜,https://market.591.com.tw/102635,54,2022-10-26,market
信義區,NA,114,東昀昀,313.0,114,36.6,225,34,1,17,4,44,49,0,49,NA,NA,NA,東禧建設,向度聯合建築師事務所+李天鐸建築師事務所,華熊營造,慕樺建築行銷,SC,朝東南,平面式49個、無充電樁,1:1.11,住家用,第三種住宅區,暫無,李天鐸建築師事務所,李天鐸建築師事務所,李天鐸建築師事務所,1幢，1棟，44戶住家,"地上17層,地下4層",台北市信義區嘉興街288號,廚具：Nolte衛浴：KOHLER五金：Hansgrohe其他：YKK氣密窗(AP等級)、LIEBHERR內嵌式冰箱、100*100RAK精品磁磚、三菱全熱交換器、三菱冷氣,https://market.591.com.tw/104167,53,2022-10-26,market
信義區,NA,112,松德88,227.0,122,54.0,300,35,1,14,3,46,1,37,38,NA,NA,NA,玉承欣國際,郭秋利建築師事務所,待定,華磐國際,RC,朝北、朝南、朝西北、朝東南,平面式1個、機械式37個、無充電樁,1:0.83,住商用,第三之一種住宅區,150元/坪/月,郭秋利建築師事務所,王文亞設計師,原長燈光,1幢，1棟，42戶住家，4戶店面,"地上14層,地下3層",台北市信義區松德路88號,耶魯智慧門鎖、YKK氣密窗、VAF智慧淨流宅系統、KOHLER衛浴、HANSGROHE五金、長庚生物科技諧振活化水,https://market.591.com.tw/3669617,54,2022-10-27,market
信義區,NA,112,信義藏豐,71.0,31,45.0,225,39,1,8,2,14,0,10,10,NA,NA,NA,君壘建設,林逵焜建築師事務所,寶錸營造,自售,RC,朝西南,機械式10個、無充電樁,1:0.71,住商用,第三種住宅區,130元/坪/月,NA,NA,NA,1幢，1棟，13戶住家，1戶店面,"地上8層,地下2層",台北市信義區吳興街220巷37弄,採用高級隔熱玻璃可阻擋98%的紫外線廚具採用日本YAMAHA集團Toclas名廚,https://market.591.com.tw/3676628,54,2022-10-26,market
信義區,107,隨時交屋,森業永春,1093.0,488,44.7,560,31,3,21、15、15,6,282,334,0,334,NA,107建字第0029號,NA,森業營造,梁正芳建築師事務所,森業營造,巨天不動產,SC鋼骨結構,朝北、朝南、朝西、朝東,平面式334個,1:1.18,住商用,第三種商業區(特)(原住三住三之一),120元/坪/月,無,無,無,3棟，250戶住家，32戶店面,地上21、15、15層，地下6層,台北市信義區忠孝東路五段469號,待定。,https://newhouse.591.com.tw/118697/detail,84,2022-10-26,newhouse
信義區,NA,111,采吉,453.0,201,44.5,225,34,2,12,3,62,73,0,73,NA,NA,NA,美亞鋼管廠/鼎邦開發,陳肇勳建築師事務所,久松營造,海鉅開發,RC,朝東,平面式73個、無充電樁,1:1.06,住商用,第三種住宅區,100元/戶/月,NA,如榆設計,袁宗南照明設計事務所,1幢，2棟，62戶住家,"地上12層,地下3層",台北市信義區永吉路225巷7弄7號,Leicht廚具、TOTO衛浴、Grohe五金、YKK氣密窗,https://market.591.com.tw/3681753,52,2022-10-27,market
信義區,NA,111,全盈信義,63.0,28,45.0,225,40,1,6,1,11,0,6,6,NA,NA,NA,全盈建設,秦國璋建築事務所,隆豪營造,自售,RC,朝東,機械式6個、無充電樁,1:0.55,住家用,第三種住宅區,130元/戶/月,NA,NA,NA,1棟，11戶住家,"地上6層,地下1層",台北市信義區忠孝東路5段790巷22弄,RC鋼筋混凝土，廚具：林內，衛浴：TOTO，電子門鎖3合1,https://market.591.com.tw/103321,53,2022-10-27,market
信義區,106,隨時交屋,御松軒,172.0,51,29.7,120,31,1,5,1,5,3,4,7,NA,106建字第0130號,NA,琨豐建設,上群聯合建築師事務所,台灣松下營造,宇鳴國際,RC鋼筋混凝土結構,朝北、朝東北,平面式3個、機械式4個,1:1.4,住家用,第二種住宅區,60元/坪/月,無,無,無,1幢，1棟，5戶住家,地上5層，地下1層,台北市信義區紫雲街38號,水泥：力泰水泥3500磅窗戶：YKK氣密窗+中空複層玻璃5m+6M(中空)+5m玄關門：1樓子母式防暴防火金屬門、2樓防暴防火金屬門+美國KWIKSET電子密碼鎖(三合一)給水：不锈鋼金屬管(當層筏門控制)排水：預留廚房(1組)、衛浴(2組)社區門禁：德國BOSCH門禁管制系統電梯：三菱12人座-卡片樓層控管機車位：管委會分配使用,https://newhouse.591.com.tw/128734/detail,82,2022-10-26,newhouse
信義區,NA,110,信義之森,412.0,144,35.0,120,36,2,5,2,33,27,0,27,NA,NA,NA,群欣建設、聖得福建設,周夢龍(周夢龍建築師事務所),盛德營造,自售,RC,朝西、朝西北,平面式27個、無充電樁,1:0.82,住家用,第二種住宅區,90元/戶/月,PGA建築事務所,PGA建築事務所,PGA建築事務所,1幢，2棟，33戶住家,"地上5層,地下2層",台北市信義區信安街103巷8號,廚具櫻花系列：檯面爐、抽油煙機、烘碗機、水槽龍頭、淨水器衛浴TOTO系列：全自動馬桶、下崁臉盆、淋浴龍頭、五金置架。四合一暖風機、氣密窗、膠合安全玻璃、鑄鋁防爆門、電子密碼鎖,https://market.591.com.tw/3667185,54,2022-10-26,market
信義區,NA,110,信義Joyce,198.0,89,45.0,225,38,1,12,3,70,0,59,59,NA,NA,NA,新北建設,王承熹,暫無,聯碩地產,RC,朝西、朝南,機械式59個、無充電樁,1:0.84,住家用,第三種住宅區,4660元/戶/月,境業設計工程-陳志宏建築師,境業設計工程-陳志宏建築師,NA,1棟，68戶住家，2戶店面,"地上12層,地下3層",台北市信義區松信路與市民大道六段交叉口,待定。,https://market.591.com.tw/35594,53,2022-10-27,market
內湖區,111,115,國泰蒔美,528.0,192,36.4,住商混合區,30.48,1,15,4,70,66,0,66,4,111建字第0123號,4,國泰建設,王克誠建築師事務所,待定,創意家行銷,RC鋼筋混凝土結構,朝西北、朝東南,平面式66個、預留充電樁管線,1:0.94,住商用,住商混合區(為容積接受區),150元/坪/月,木荷作庭-孫培強,木荷作庭-孫培強,汪用九,1幢，1棟，67戶住家，3戶店面,地上15層，地下4層,台北市內湖區行善路、行善路281巷交叉口,依現場為主,https://newhouse.591.com.tw/129462/detail,82,2022-10-27,newhouse
內湖區,111,115,岳泰峰山,307.0,135,44.25,225,34.33,1,11,3,40,32,0,32,4,111建字第0228號,4,岳泰建設,何鴻志建築師事務所,鵬霖營造(甲級),創意家行銷,RC鋼筋混凝土結構,朝南、朝西、朝東,平面式32個,1:0.8,住家用,第三種住宅區,待定,何鴻志建築師事務所,何鴻志建築師事務所,騰雲設計,1幢，1棟，40戶住家,地上11層，地下3層,台北市內湖區康寧路一段156巷59號旁,RC耐震設計，強化15%可抗6級震耐震衛浴馬桶臉盆TOTO龍頭五金德國KLUDI凱勤廚具進口FENIX面板BLUM鋁抽、絞鍊、林內三機地板冠軍80*80拋光石或美國johnsonhardwood石塑地板樓板18cm,https://newhouse.591.com.tw/128753/detail,82,2022-10-27,newhouse
內湖區,111,115,岳泰峰?,307.0,135,44.25,225,34.33,1,11,3,40,32,0,32,4,111建字第0228號,4,岳泰建設,何鴻志建築師事務所,鵬霖營造(甲級),創意家行銷,RC鋼筋混凝土結構,朝南、朝西、朝東,平面式32個,1:0.8,住家用,第三種住宅區,待定,何鴻志建築師事務所,何鴻志建築師事務所,騰雲設計,1幢，1棟，40戶住家,地上11層，地下3層,台北市內湖區康寧路一段156巷59號旁,RC耐震設計，強化15%可抗6級震耐震衛浴馬桶臉盆TOTO龍頭五金德國KLUDI凱勤廚具進口FENIX面板BLUM鋁抽、絞鍊、林內三機地板冠軍80*80拋光石或美國johnsonhardwood石塑地板樓板18cm,https://newhouse.591.com.tw/128753/detail,81,2022-10-27,newhouse
內湖區,111,116,蓮園心邑,551.0,192,34.99,120,35.5,1,10,3,58,58,0,58,5,111建字第0098號,5,蓮園建設,許玄明建築師事務所、黃書恆建築師事務所,待定,賦盈廣告行銷,RC鋼筋混凝土結構,朝西北、朝東南,平面式58個,1:1,住家用,第二種住宅區，第二之一種住宅區,150元/坪/月,清奇空間設計,清奇空間設計,清奇空間設計,1幢，1棟，58戶住家,地上10層，地下3層,台北市內湖區石潭段228-1、225-2地號,廚具：oddo櫥櫃、林內爐具、林內抽油煙機、林內烘碗機(2房)、TEKA烤箱(3房)、伊萊克斯Electrolux洗碗機(3房.2+1房)。衛浴：TOTO馬桶、TOTO面盆、Grohe龍頭。其他：YKK6+6mm膠合氣密窗、studor正負壓調節、VAF淨流系統。,https://newhouse.591.com.tw/129118/detail,81,2022-10-26,newhouse
內湖區,NA,114,基泰碧湖,338.0,150,44.49,225,37,1,15,3,81,56,0,56,NA,NA,NA,基泰建設,王德生建築師事務所,暫無,甲桂林廣告,RC,朝西北、朝西南、朝東南,平面式56個、預留管線,1:0.69,住商用,第三種住宅區、第三之一種住宅區,2448元/戶/月,NA,NA,NA,1幢，1棟，80戶住家，1戶店面,"地上15層,地下3層",台北市內湖區內湖路一段741號旁,依現場為主,https://market.591.com.tw/5868367,54,2022-10-26,market
內湖區,110,114,輕山敘,172.0,57,33.28,120,32.3,1,7,1,12,13,0,13,4,110建字第0290號,4,姮興開發,洪新發建築師事務所,吉興營造,天廈廣告,RC,朝南,平面式13個、無充電樁,1:1,住商用,第二種住宅區,120元/坪/月,待定,待定,待定,1幢，1棟，12戶住家,"地上7層,地下1層",台北市內湖區環山路二段50巷14弄19、21號,齊步專利隔熱牆、KEIM凱恩天然礦物塗料、YKKAP水密窗、台玻20mm複層中空Low-E玻璃、Poll-tex防霾透氣紗網、GROHE及Villeroy&Boch衛浴、oddo雅登廚具、Silestone西班牙賽麗石廚房檯面、Meister超耐磨木地板,https://market.591.com.tw/104868,53,2022-10-27,market
內湖區,NA,112,麗湖嵐天,155.0,54,34.99,120,36.5,1,5,1,12,0,8,8,NA,NA,NA,邑軒建設,曹方維建築師事務所,待定,文樺行銷,RC,朝北、朝南,機械式8個、無充電樁,1:0.67,住家用,第二種住宅區,暫無,NA,NA,NA,1幢，1棟，12戶住家,"地上5層,地下1層",台北市內湖區金湖路347巷88號旁,國際牌櫥櫃、林內抽油煙機、瓦斯爐、烘碗機；Hansgrohe花灑、溫控龍頭；SPC地板、輕質系統隔音磚。,https://market.591.com.tw/5470634,54,2022-10-27,market
內湖區,NA,111,竹城有樂町,549.0,225,41.0,225,33,2,12,3,87,87,0,87,NA,NA,NA,竹城建設,閤康聯合建築師事務所,大裕營造,海悅廣告,RC,朝北,平面式87個、無充電樁,1:1,住家用,第三種住宅區,4626元/戶/月,NA,動象團隊-大易國際,袁宗南建築師,2棟，87戶住家,"地上12層,地下3層",台北市內湖區五分街102號,TOTO衛浴、櫻花廚具、日立室外機、三合一電子鎖、10mmLow-E玻璃、力霸氣密窗、愛惠浦淨水器,https://market.591.com.tw/40376,53,2022-10-26,market
內湖區,NA,110,碧湖天,989.0,270,27.34,225,33,1,25,3,144,152,0,152,NA,NA,NA,"華固建設,新光人壽",黃宏輝,品興營造,新聯祥廣告,SC,朝南、朝北,平面式152個、無充電樁,1:1.06,住家用,第三種住宅區,4740元/坪/月,頤和設計-李淑雲,頡合設計-黃嚴仕,月河-林大為,1幢，1棟，144戶住家,"地上25層,地下3層",台北市內湖區文德路210巷30弄91號,依現場為主,https://market.591.com.tw/104846,53,2022-10-27,market
內湖區,NA,110,新光碧湖天,989.0,270,27.34,225,33,1,25,3,144,152,0,152,NA,NA,NA,"華固建設,新光人壽",黃宏輝,品興營造,新聯祥廣告,SC,朝南、朝北,平面式152個、無充電樁,1:1.06,住家用,第三種住宅區,4740元/坪/月,頤和設計-李淑雲,頡合設計-黃嚴仕,月河-林大為,1幢，1棟，144戶住家,"地上25層,地下3層",台北市內湖區文德路210巷30弄91號,依現場為主,https://market.591.com.tw/104846,53,2022-10-27,market
內湖區,NA,109,文德好境,1764.0,617,34.98,120,39,4,5,1,196,0,86,86,NA,NA,NA,瓏山林企業(股)公司,瓏山林聯合建築師事務所,瓏山林營造,海心國際,RC,朝西南、朝東北,機械式86個、無充電樁,1:0.44,住商用,第二種住宅區,140元/戶/月,瓏山林聯合建築師事務所,瓏山林聯合建築師事務所,瓏山林聯合建築師事務所,4棟，195戶住家，1戶店面,"地上5層,地下1層",台北市內湖區陽光街161巷12號之1,Y.K.K氣密窗、SAKURA牌廚具、TOTO衛浴、SHARP電視、聲寶冰箱、日立冷暖氣機、LG洗脫烘,https://market.591.com.tw/43125,54,2022-10-27,market
內湖區,NA,105,詠大直,1020.0,458,44.91,225,32,3,11,5,68,244,0,244,NA,NA,NA,"興益發建設,甲士林建設",朱騰惠(朱騰惠建築師事務所),王人正(達欣工程),水立方國際開發,RC,朝東、朝南,平面式244個、無充電樁,1:3.59,住家用,第三種住宅區,140元/戶/月,NA,NA,NA,3棟，68戶住家,"地上11層,地下5層",台北市內湖區文湖街21巷89號,RC鋼筋混凝土結構,https://market.591.com.tw/7397,54,2022-10-26,market
北投區,111,116,國泰雍萃,1168.0,217,18.62,400,33,1,26,4,125,177,0,177,5,111建字第0005號,5,國泰建設,金以容．林弘壹．朱弘楠建築師事務所,三井工程,新聯陽機構-新聯昌廣告,SC鋼骨結構,朝西南、朝東北,平面式177個、有充電樁,1:1.42,住家用,第三之二種住宅區（特）,150元/坪/月,方極景觀設計,方極景觀設計,十樂設計,1幢，1棟，125戶住家,地上26層，地下4層,台北市北投區文林北路55號,廚具：hacker廚具、林內排油煙機、雙口爐、IH感應爐、SVAGO崁入式微波烤箱、3M淨水器、BOSCH洗碗機。衛浴：inax全功能馬桶、面盆龍頭、下嵌式面盆、定溫淋浴柱、浴缸龍頭、浴缸。五金：Reco龍頭、Teka不鏽鋼水槽。其他：dormakaba電子鎖、保安燈、冷氣主機。,https://newhouse.591.com.tw/130223/detail,83,2022-10-27,newhouse
北投區,110,113,捷運晶鑽,99.0,46,47.13,225,35,1,9,3,22,0,19,19,3,110建字第0157號,3,金鑽號,李岳軍建築師事務所,待定,金鑽號,RC鋼筋混凝土結構,朝北,機械式19個、有充電樁,1:0.86,住家用,第三種住宅區,100元/坪/月,無,無,無,1幢，1棟，22戶住家,地上9層，地下3層,台北市北投區民權街8號,櫻花廚具、TOTO衛浴、4合一智慧電子鎖,https://newhouse.591.com.tw/128319/detail,87,2022-10-26,newhouse
北投區,110,114,龍霖初心,612.0,275,45.0,225,34,2,15,3,82,102,0,102,4,110建字第0220號,4,龍霖開發建設,A8聯合建築師事務所-陳朝雄,晉福營造,新誠家廣告,RC鋼筋混凝土結構,朝北、朝南,平面式102個、預留充電樁管線,1:1.24,住家用,第三種住宅區,待定,研舍設計師事務所,研舍設計師事務所,研舍設計師事務所,2幢，2棟，82戶住家,地上15層，地下3層,台北市北投區石牌路二段315巷,Cleanup廚具、TOTO衛浴、三協氣密窗、BWT全棟淨水、黃金級綠建築、SGS建物生產履歷,https://newhouse.591.com.tw/127617/detail,83,2022-10-26,newhouse
北投區,110,114,岳泰峰晴,244.0,94,38.84,225,37,1,13,2,42,0,29,29,4,110建字第0332號(改照中),4,岳泰建設,三門聯合建築師事務所,待定,詮力實業,RC鋼筋混凝土結構,朝南,機械式29個,1:0.69,住家用,第三種住宅區,待定,無,無,無,1幢，1棟，42戶住家,地上13層，地下2層,台北市北投區懷德街66巷21號,林內三機廚具、TOTO衛浴,https://newhouse.591.com.tw/130007/detail,82,2022-10-27,newhouse
北投區,110,115,康寶日出印象,332.0,96,28.99,225,31.95,1,15,2,60,7,50,57,5,110建字第0103號,5,康寶建設,劉致錚建築師事務所,勝岳營造/穩吉營造,遠創力行銷,RC,朝西,平面式7個、機械式50個、預留管線,1:0.95,住商用,第三種住宅區,暫無,聿善,玄武室內裝修,袁宗南照明設計事務所,1幢，1棟，56戶住家，4戶店面,"地上15層,地下2層",台北市北投區大度路三段301巷與知行路245巷,RC鋼筋混凝土,https://market.591.com.tw/3701172,54,2022-10-26,market
北投區,NA,115,禾碩樹晴,179.0,116,65.0,560,32.5,1,15,4,64,24,25,49,NA,NA,NA,禾碩建設,黃翔龍建築師事務所,待定,信義代銷,RC,朝南、朝西南,平面式24個、機械式25個、無充電樁,1:0.77,住商用,第三種商業區,120元/坪/月,禾澤設計公司,NA,NA,1幢，1棟，61戶住家，3戶店面,"地上15層,地下4層",台北市北投區磺港路88號,廚房：林內三機。衛浴：Panasonic、TOTO。室內地坪：德國超耐磨地板-太格。,https://market.591.com.tw/3681492,53,2022-10-26,market
北投區,109,113,韋昌画清江,202.0,84,41.9,225,32.6,1,10,2,38,12,13,25,4,109建字第0253號,4,韋昌建設,郭恆成建築師事務所,待定,海揚廣告,RC鋼筋混凝土結構,朝北,平面式12個、機械式13個,1:0.66,住家用,第三種住宅區,90元/坪/月,郭恆成建築師事務所,郭恆成建築師事務所,郭恆成建築師事務所,1幢，1棟，38戶住家,地上10層，地下2層,台北市北投區清江路91巷,RC鋼筋混凝土,https://newhouse.591.com.tw/126576/detail,93,2022-10-26,newhouse
北投區,109,114,富域,887.0,461,52.06,560,33,2,27、21,5,201,245,0,245,5,109建字第0066號,5,麗源建設,寬泉聯合建築師事務所,笙泰營造,新聯陽機構-新聯昌廣告,SRC鋼骨鋼筋混凝土結構,朝南,平面式245個,1:1.22,住商用,第三種商業區,90元/坪/月,綠點,綠點,磐石設計,1幢，2棟，174戶住家，19戶店面，8戶一般事務所,地上27、21層，地下5層,台北市北投區中央南路、大興街口,東和SN級耐震鋼材、日本住友制震壁、比利時Promat隔音墊、英國STUDOR排水通氣系統、三菱電梯搭配SHARP空氣清淨機、日本YKKAP氣密窗、6+6mmlow-E玻璃、日本TOTO衛浴、BELEGA廚具搭配奧地利blum五金、德國Bosch洗碗機、林內三口瓦斯爐,https://newhouse.591.com.tw/129392/detail,83,2022-10-26,newhouse
北投區,NA,114,達永豐盛學,393.0,262,66.75,560,33,1,20,6,115,73,64,137,NA,NA,NA,達永開發,黃秀莊建築師事務所,暫無,傳真行銷,SRC,朝南,平面式73個、機械式64個、無充電樁,1:1.01,住商用,第三種商業區,90元/戶/月,NA,SL+A,NA,1幢，1棟，108戶住家，7戶店面,"地上20層,地下6層",台北市北投區中央北路一段88號,廚具：德國LEICHT，衛浴：德國DURAVIT，五金：Hansgrohe，其他：YKK8+8玻璃氣密窗,https://market.591.com.tw/3699791,53,2022-10-26,market
北投區,110,114,睦昇天朗,392.0,175,44.7,225,34.9,1,15,3,68,66,0,66,4,110建字第0258號,4,惟瓦地/睦昇國際,陳維翔建築師事務所,待定,梁茂廣告,RC,朝東北,平面式66個、預留管線,1:0.97,住商用,第三種住宅區,150元/坪/月,太研規劃設計-吳書原,築十設計-何孟懷,無,1幢，1棟，63戶住家，5戶店面,"地上15層,地下3層",台北市北投區石牌路一段166巷71號,廚具：LEIGHT，衛浴：DURAVIT，五金：DURAVIT,https://market.591.com.tw/5857794,54,2022-10-26,market
北投區,NA,114,聽禾,221.0,126,57.44,400,33.95,5,15,4,56,44,0,44,NA,NA,NA,沛碩建設,周文斌及吳嘉雄建築師事務所,遠碩營造,信義房屋,RC,朝南、朝西,平面式44個、無充電樁,1:0.79,住商用,第三之二種住宅區,100元/坪/月,NA,術刻建築事務所,NA,1幢，5棟，52戶住家，4戶店面,"地上15層,地下4層",台北市北投區大業路388號,日系YKK鋁門窗LOW-E玻璃(大業路面)日系SHARP電梯空氣淨化德國BWT社區及各戶淨水系統廚房林內或櫻花三機設備並搭配進口烤箱及下拉欄衛浴採V&B、TOTO或INEX，主衛馬桶英國CROSSWATER、TOTO或INEX電腦馬桶太格德國精工木地板平面車位全數預留電動汽車充電空間(預留中央線槽、無電源線),https://market.591.com.tw/3669659,54,2022-10-26,market
北投區,NA,114,春聚,125.0,56,44.99,225,34,1,11,2,29,0,22,22,NA,NA,NA,永陞建設,胡永復建築師事務所,炬曄營造,傳美廣告,RC,朝東南,機械式22個、無充電樁,1:0.76,住家用,第三種住宅區,暫無,NA,NA,NA,1幢，1棟，29戶住家,"地上11層,地下2層",台北市北投區石牌路二段317號,RC鋼筋混凝土,https://market.591.com.tw/5854576,54,2022-10-27,market
北投區,109,115,天母常玉,921.0,547,59.49,560,33.2,2,33,5,201,214,0,214,6,109建字第271號,6,立樺建設,郭旭原建築師事務所/許玄明建築師事務所,地樺營造,新聯陽機構-新聯昌廣告,SRC鋼骨鋼筋混凝土結構,朝西南,平面式214個,1:1.06,住商用,第三種商業區,待定,郭旭原建築師事務所,郭旭原建築師事務所,游雅清空間設計,1幢，2棟，161戶住家，14戶店面，26戶一般事務所,地上33層，地下5層,台北市北投區東華街一段550號,"林內廚具,INAX衛浴,住友制震器,YKK鋁門窗,6+12+6mm複層中空Low-E玻璃或6+6m複層玻璃,SILENTEK隔音墊.",https://newhouse.591.com.tw/128553/detail,82,2022-10-27,newhouse
北投區,108,112,維正里安,225.0,101,45.0,225,34.32,1,12,3,40,18,21,39,4,108建字第0045號,4,維正建設,卓培煙建築師事務所,東生營造,自售,RC鋼筋混凝土結構,朝南,平面式18個、機械式21個,1:0.98,住家用,第三種住宅區,120元/坪/月,HAD境觀設計耿美惠,HAD境觀設計耿美惠,和境設計-陳建能,1幢，1棟，40戶住家,地上12層，地下3層,台北市北投區立農街一段,RC鋼筋混凝土，廚具：德國LEICHT，衛浴：TOTO免治馬桶座，其他：樓板厚度18CM。,https://newhouse.591.com.tw/123586/detail,83,2022-10-26,newhouse
北投區,NA,113,昭揚天際,636.0,277,43.7,400,33.5,2,19,4,70,127,0,127,NA,NA,NA,昭揚建築-億揚建設,李天鐸、邱垂睿建築師事務所,華雄營造,創意家行銷,SRC,朝東南,平面式127個、無充電樁,1:1.76,住商用,第三之二種住宅區、第三種商業區（特）,暫無,李天鐸建築師事務所,李天鐸建築師事務所,李天鐸建築師事務所,2棟，68戶住家，2戶店面,"地上19層,地下4層",台北市北投區承德路七段138號,SRC鋼骨鋼筋混凝土。廚房：德國LEICHT、林內三機。衛浴：TOTO。五金：德國GROHE。,https://market.591.com.tw/53935,53,2022-10-26,market
北投區,NA,113,吉美天悅,455.0,174,38.45,225,33.5,1,14,4,58,92,0,92,NA,NA,NA,吉美建設,陳浩怡建築師事務所、玫格設計顧問,暫無,美學生活廣告,SRC,朝西北、朝東南,平面式92個、無充電樁,1:1.59,住商用,第三種住宅區,暫無,老圃造園工程,築內國際,NA,1幢，1棟，57戶住家，1戶店面,"地上14層,地下4層",台北市北投區石牌路一段166巷(榮光公園旁),櫻花廚具、TOTO衛浴、TOTO五金、全熱交換器、預留電動車充電線槽,https://market.591.com.tw/104584,55,2022-10-26,market
北投區,NA,113,璞真榮華,359.0,148,41.34,225,32.8,1,11,3,37,40,0,40,NA,NA,NA,璞真建設,曾永信建築師事務所,暫無,政安廣告,RC,朝東北,平面式40個、無充電樁,1:1.08,住家用,第三種住宅區,暫無,Q-LAB曾永信建築師事務所,NA,NA,1幢，1棟，37戶住家,"地上11層,地下3層",台北市北投區榮華二路29號,德系寶德曼廚具、VilleroyBoch衛浴、VilleroyBoch五金,https://market.591.com.tw/104945,53,2022-10-27,market
北投區,NA,113,泊山妍,340.0,148,43.68,225,33.9,2,12,3,63,0,36,36,NA,NA,NA,嘉源建設,立志建築師事務所,待定,大準整合行銷,RC,朝北、朝南,機械式36個、有充電樁,1:0.57,住商用,第三種住宅區,暫無,青哲-龔緯哲、鄭翔設計師,青哲景觀設計-龔緯哲、鄭翔設計師,NA,1幢，2棟，62戶住家，1戶店面,"地上12層,地下3層",台北市北投區溫泉路30巷26號,社區大門採人臉辨識系統、電梯:訊達12人份電梯+SHARP空氣清淨機、氣密窗-日本SHOWA氣密窗搭配LOW-E5+5mm膠合玻璃(抗UV、隔紫外線)大門-鑄鋁防爆鋼木門搭配四合一QRCode門鎖廚具：櫻花-抽油煙機+檯面爐+洗碗機、喜特麗櫥下淨水飲水機　衛浴：TOTO-面盆+免治馬桶+淋浴花灑、panasonic四合一暖風機　五金配備：TOTO-轉角架、毛巾架、面盆龍頭室內門:日本大建　地磚：冠軍80*80拋光石英磚,https://market.591.com.tw/3699554,54,2022-10-27,market
北投區,108,隨時交屋,璞有聲,423.0,232,55.0,560,33,2,7、12,"1,3",59,39,10,49,NA,108建字第0029號、108建字第0030號,NA,璞園團隊-璞慶建設,九典聯合建築師事務所-郭英釗建築師,翊豐營造,璞信廣告,RC鋼筋混凝土結構,朝北、朝南、朝西、朝東、朝西北、朝西南、朝東北、朝東南,平面式39個、機械式10個,1:0.83,住家用,"第三種住宅區,第一種商業區",待定,九典聯合建築師事務所-郭英釗建築師,九典聯合建築師事務所-郭英釗建築師,九典聯合建築師事務所-郭英釗建築師,2棟，59戶住家,"地上7,12層，地下1,3層",台北市北投區西安路二段265號旁,廚房：KOHLER衛浴：hansgrohe五金：DORAVIT,https://newhouse.591.com.tw/119160/detail,88,2022-11-01,newhouse
北投區,108,隨時交屋,榮華一鹿,104.0,46,44.99,225,36.52,1,10,3,17,0,17,17,NA,108建字第0146號,NA,宏利發建設,李文勝建築師事務所,豪豐營造,創意家行銷,RC鋼筋混凝土結構,朝東南,機械式17個,1:1,住家用,第三種住宅區,130元/坪/月,李文勝建築師事務所,李文勝建築師事務所,李文勝建築師事務所,1幢，1棟，17戶住家,地上10層，地下3層,台北市北投區榮華一路8號,廚房：德製廚具衛浴：TOTO衛浴,https://newhouse.591.com.tw/122056/detail,83,2022-10-26,newhouse
北投區,NA,112,國泰華威豐年,908.0,363,40.0,560,30,1,24,5,219,197,0,197,NA,NA,NA,國泰建設、華威聯合,王克誠建築師事務所,暫無,傳真實業,RC,朝東北、朝南、朝西南、朝東南、朝西北,平面式197個、無充電樁,1:0.9,住商用,第三種商業區,90元/戶/月,木荷景觀,喆方設計,肯緒照明設計,1棟，210戶住家，9戶店面,"地上24層,地下5層",台北市北投區北投路、大業路口,依現場為主,https://market.591.com.tw/101490,54,2022-10-26,market
北投區,107,112,力麒天沐,735.0,241,32.81,560,34.2,1,22,3,42,99,0,99,5,107建字第0031號,5,力麒建設,李天鐸建築師事務所,力拓營造,海悅開發,SC鋼骨結構,朝東,平面式99個,1:2.36,住商用,第參種商業區(商三(特)/住三),待定,李天鐸建築師事務所,李天鐸建築師事務所,李天鐸建築師事務所,1幢，1棟，41戶住家，1戶店面,地上22層，地下3層,台北市北投區天母西路116、118號,SC鋼骨造,https://newhouse.591.com.tw/129352/detail,82,2022-10-26,newhouse
北投區,NA,112,奇岩綠境,520.0,172,33.16,225,30.6,1,13,2,61,56,0,56,NA,NA,NA,嘉興發,三大聯合建築師事務所,文暉營造,創意家行銷,RC,朝西南,平面式56個、無充電樁,1:0.92,住商用,第三種住宅區,100元/戶/月,三大聯合建築師事務所,NA,三大聯合建築師事務所,1幢，1棟，57戶住家，4戶店面,"地上13層,地下2層",台北市北投區公館路243號,林內三機廚具、TOTO衛浴、TOTO五金,https://market.591.com.tw/5475263,53,2022-10-26,market
北投區,NA,112,岳榕莊,488.0,197,40.37,360,33.8,1,19,4,129,88,0,88,NA,NA,NA,富都新開發建設,金以容建築師事務所,暫無,傳真廣告,RC,朝西、朝東北、朝北、朝南,平面式88個、無充電樁,1:0.68,住商用,第一種商業區,100元/戶/月,NA,十邑設計,袁宗南,1棟，126戶住家，3戶店面,"地上19層,地下4層",台北市北投區北投路一段53號旁,廚房：panasonic、林內三機衛浴：panasonic全自動馬桶、INAX龍頭、檯面、浴缸,https://market.591.com.tw/53941,54,2022-10-27,market
北投區,NA,112,力方飛,298.0,172,57.9,400,32.8,1,15,4,63,59,0,59,NA,NA,NA,力方開發,林家弘建築師事務所、⽇本新居千秋建築師,待定,海心國際,RC,朝東南,平面式59個、無充電樁,1:0.94,住商用,第三之二種住宅區,120元/戶/月,NA,NA,NA,1幢，1棟，59戶住家，4戶店面,"地上15層,地下4層",台北市北投區承德路七段72號,RC鋼筋混凝土,https://market.591.com.tw/103997,53,2022-10-26,market
北投區,NA,112,原禾御,252.0,113,45.0,225,34,1,8,2,32,29,0,29,NA,NA,NA,朋記建設,陳傳宗建築師事務所,益昌營造,賦盈廣告行銷,RC,朝北,平面式29個、無充電樁,1:0.91,住商用,第三種住宅區,暫無,NA,NA,NA,1幢，1棟，27戶住家，5戶店面,"地上8層,地下2層",台北市北投區大興街與清江路口,◆全面淨化：高效能紫外光電梯除菌清淨機。◆純淨濾水：櫻花高效廚下型冷熱淨飲系統。◆24HRS氣密：(6+6)mm膠合玻璃＋不二鋁窗。◆靜音工程：日本大健室內門＋德國靜音木地板。◆貼心廚具：櫻花整體廚具＋全嵌式洗碗機。◆頂級衛浴：精品KOHLER衛浴，美型工藝精緻所享。,https://market.591.com.tw/3677044,53,2022-10-27,market
北投區,NA,112,公園大院-森活館,116.0,79,68.77,560,33,1,14,2,44,0,20,20,NA,NA,NA,馥域建設、欣聯建設、首敦建設,邑相聯合建築事務所,合聯營造,政安廣告,RC,朝北、朝南、朝西南、朝東北,機械式20個、無充電樁,1:0.45,住商用,第三種商業區,暫無,NA,NA,NA,1幢，1棟，41戶住家，3戶店面,"地上14層,地下2層",台北市北投區中和街219-3號,台灣櫻花整體廚房、日本INAX衛浴設備、YALE電子鎖、STUDOR吸氣閥、長庚諧振活水設備、中華氣密窗。,https://market.591.com.tw/101991,53,2022-10-26,market
北投區,NA,112,公園大院-樂活館,70.0,49,70.0,560,34,1,13,3,35,0,19,19,NA,NA,NA,馥域建設、欣聯建設、首敦建設,邑相聯合建築事務所,合聯營造,政安廣告,RC,朝東、朝東北、朝東南,機械式19個、無充電樁,1:0.54,住商用,第三種商業區,100元/坪/月,NA,NA,NA,1棟，34戶住家，1戶店面,"地上13層,地下3層",台北市北投區中和街219號,RC鋼筋混凝土、台灣櫻花整體廚房、日本INAX衛浴設備、YALE電子鎖、STUDOR吸氣閥、長庚諧振活水設備、中華氣密窗。,https://market.591.com.tw/101796,54,2022-10-26,market
北投區,NA,111,恆合江山,643.0,289,45.0,225,32,2,20,4,78,97,60,157,NA,NA,NA,恆合建設,李岳軍,恆合營造,創意家行銷,SRC,朝西南,平面式97個、機械式60個、無充電樁,1:2.01,住商用,第三種住宅區、第三之二種住宅區,100元/戶/月,遊墨設計-仙入洋,NA,NA,2棟，74戶住家，4戶店面,"地上20層,地下4層",台北市北投區承德路七段166~168號,待定,https://market.591.com.tw/34794,54,2022-10-27,market
北投區,NA,111,陽明迴鄉,94.0,32,34.9,120,36.4,1,7,2,11,3,3,6,NA,NA,NA,寶程國際,蔡家欣建築師事務所,奕捷營造,得邦廣告,RC,朝北,平面式3個、機械式3個、無充電樁,1:0.55,住家用,第二種住宅區,100元/坪/月,森恒空間-林世昌總監,森恒空間-林世昌總監,森恒空間-林世昌總監,1幢，1棟，11戶住家,"地上7層,地下2層",台北市北投區翠嶺路8號,樓層板隔音墊，日本皇室御用品牌INAX衛浴，櫻花廚具，YKK氣密窗，BOSCH電子門鎖，長庚生技活水設備，全棟冠軍磁磚，維夫拉克門禁系統。,https://market.591.com.tw/5475222,53,2022-10-26,market
北投區,NA,110,晴山學,1109.0,386,34.82,120,31.5,2,5,2,54,49,5,54,NA,NA,NA,保誠興業、弘新建設,黃翔龍建築師事務所,陽明營造,文樺行銷,RC,朝東北,平面式49個、機械式5個、無充電樁,1:1,住家用,第二種住宅區,100元/坪/月,NA,NA,NA,2棟，54戶住家,"地上5層,地下2層",台北市北投區稻香路180號旁,依現場為主,https://market.591.com.tw/101488,54,2022-10-26,market
北投區,NA,110,一樹巷,262.0,73,28.22,120,30.92,1,7,2,34,4,16,20,NA,NA,NA,康景建設,陳肇勳建築師事務所,待定,萬海行銷,RC,朝西北、朝西南、朝東北、朝東南,平面式4個、機械式16個、無充電樁,1:0.59,住家用,第二種住宅區,80元/戶/月,NA,家宜,NA,1棟，34戶住家,"地上7層,地下2層",台北市北投區大屯路5號旁,"1.智能宅概念-i-Building光纖網路及雲端APP平台,利用雲端app可遠端監控門禁系統,居家電器控制等,預留電動車充電設備線路以因應未來需求,ftth光纖到府2.健康宅概念-愛惠浦全戶濾淨活水,讓家中每一個水龍頭流出的水都經過清淨過濾,並在廚具設冷光殺菌生飲之系統3.健康宅概念-光觸媒殺菌電梯、從進到電梯開始即開始維護住戶的健康4.健康宅概念-排水通氣防疫系統studor,有效阻絕透由排水管道的病媒進入5.貼心宅概念-戶戶配置免治馬桶,玄關便利掛勾設計,社區一通卡連接門禁電梯,垃圾冷藏分類,屋頂空中花園。",https://market.591.com.tw/102024,54,2022-10-26,market
南港區,110,112,中研苑士,217.0,65,30.08,120,34,1,5,2,13,1,13,14,2,110建字第0131號,2,大廣建設,王誌慶建築師事務所,待定,自售,RC鋼筋混凝土結構,朝東,平面式1個、機械式13個,1:1.08,住家用,第二種住宅區,待定,無,無,無,1幢，1棟，13戶住家,地上5層，地下2層,台北市南港區南深路21巷,待定。,https://newhouse.591.com.tw/125020/detail,82,2022-10-27,newhouse
南港區,110,116,全陽馥,922.0,282,30.6,225,32,1,24,4,174,113,36,149,6,110建字第0245號,6,全陽建設,鍾美惠建築師事務所,久和營造工程,璞煦廣告,RC鋼筋混凝土結構,朝東南,平面式113個、機械式36個,1:0.86,住商用,住宅區,待定,老圃造園工程,老圃造園工程,郭陞弘,1幢，1棟，164戶住家，10戶店面,地上24層，地下4層,台北市南港區經貿一路160號,依現場為主,https://newhouse.591.com.tw/127992/detail,83,2022-10-26,newhouse
南港區,NA,114,國泰悠境,761.0,255,33.54,225,34,2,17,4,120,148,0,148,NA,NA,NA,國泰建設,闕河彬建築師事務所,待定,新聯陽實業--新聯昌廣告,RC,朝北、朝南,平面式148個、有充電樁,1:1.23,住商用,第三種住宅區,120元/坪/月,NA,NA,NA,1幢，2棟，118戶住家，2戶店面,"地上17層,地下4層",台北市南港區向陽路120巷與向陽路120巷2弄交叉口,待定,https://market.591.com.tw/5855935,57,2022-10-26,market
南港區,108,111,皇鼎一品,587.0,218,37.19,225,35,1,16,4,64,106,0,106,3,108建字第0006號,3,皇鼎建設開發,黃俊吉建築師事務所,建喬營造,自售,RC鋼筋混凝土結構,朝東北,平面式106個,1:1.66,住商用,住3，住3-2,待定,無,無,比沙列室內裝修設計,1幢，1棟，60戶住家，4戶店面,地上16層，地下4層,台北市南港區東新街56號,義大利原裝進口敵銳銅雕安全玄關門日本PANASONIC廚具、德國BOSCH全坎式洗碗機、櫻花渦輪倒T變頻3D微電腦排油煙機德國GROHE以及德國Villeroy&Boch衛浴設備錦鋐氣密窗複層式6mm+6mmA+6mmLOW-E玻璃德國超耐磨木質地板,https://newhouse.591.com.tw/118885/detail,97,2022-10-26,newhouse
南港區,108,113,擎天森林,1813.0,815,45.0,225,34,2,26,4,400,417,0,417,5,108建字第0151號,5,亞昕國際、新潤興業、鈜富建設、海悅國際,梁正芳建築師事務所,國原營造,海鉅開發,SC鋼骨結構,朝西南,平面式417個、有充電樁,1:1.04,住家用,第三種住宅區,待定,木荷景觀工程,木荷景觀工程,太然空間設計,2棟，400戶住家,地上26層，地下4層,台北市南港區興南街與東明街交叉口,待定,https://newhouse.591.com.tw/126402/detail,82,2022-10-27,newhouse
南港區,NA,113,德杰羽森,1528.0,687,45.0,225,36,3,22,4,228,189,22,211,NA,NA,NA,濟盟建設,呂建勳建築師事務所,台灣大林組營造,信義代銷,RC,朝西北、朝東、朝西南,平面式189個、機械式22個、無充電樁,1:0.93,住家用,第三種住宅區,2922元/戶/月,盧胤翰-瀚翔景觀國際,關傳雍、劉俊男,陳宇晃-原碩照明設計,3幢，3棟，228戶住家,"地上22層,地下4層",台北市南港區興南街與東明街口,待定。,https://market.591.com.tw/3667240,54,2022-10-26,market
南港區,NA,113,德杰羽森,1528.0,687,45.0,225,36,3,22,4,228,189,22,211,NA,NA,NA,濟盟建設,呂建勳建築師事務所,台灣大林組營造,信義代銷,RC,朝西北、朝東、朝西南,平面式189個、機械式22個、無充電樁,1:0.93,住家用,第三種住宅區,2922元/戶/月,盧胤翰-瀚翔景觀國際,關傳雍、劉俊男,陳宇晃-原碩照明設計,3幢，3棟，228戶住家,"地上22層,地下4層",台北市南港區興南街與東明街口,待定。,https://market.591.com.tw/3667240,53,2022-10-27,market
南港區,NA,113,璞松綻,247.0,110,44.9,300,34,1,14,3,62,19,21,40,NA,NA,NA,璞永建設,昌瑜建築師事務所,暫無,璞信廣告,RC,朝北、朝南、朝西,平面式19個、機械式21個、無充電樁,1:0.65,住商用,第三之一種住宅區、第三種住宅區,130元/坪/月,研舍設計,工一設計,NA,1幢，1棟，59戶住家，3戶店面,"地上14層,地下3層",台北市南港區市民大道七段與中坡北路交叉口,建築外觀：李文勝建築師建築平面：許美珍建築師建築顧問：田中純夫/田中建築顧問結構設計：築遠工程/張盈智,https://market.591.com.tw/3677186,53,2022-10-26,market
南港區,NA,112,新美齊心居,426.0,149,34.98,225,34.9,1,12,3,54,41,0,41,NA,NA,NA,新美齊,陳克聚建築師事務所,暫無,甲桂林廣告,RC,朝東北,平面式41個、無充電樁,1:0.76,住家用,住宅區,2261元/戶/月,雋詠,工一設計,NA,1幢，1棟，54戶住家,"地上12層,地下3層",台北市南港區重陽路549號旁,結構：築遠結構建材：待定,https://market.591.com.tw/104841,55,2022-10-27,market
南港區,NA,112,舞青,280.0,87,31.39,225,36.5,1,13,2,47,0,28,28,NA,NA,NA,勝輝機構、鼎吉開發,呂建勳建築師事務所,暫無,海揚廣告,RC,朝北,機械式28個、無充電樁,1:0.6,住家用,第三種住宅區,暫無,NA,NA,NA,1棟，47戶住家,"地上13層,地下2層",台北市南港區興南街64巷,衛浴：日系TOTO衛浴設備、KOHLER、HANSGROHE衛浴設備廚具：櫻花品牌,https://market.591.com.tw/53898,53,2022-10-27,market
南港區,NA,111,忠孝詠吉,1716.0,755,44.0,360,33,2,23,4,190,0,0,0,NA,NA,NA,虹欣建設,周文斌,宏林營造,璞煦廣告,SC,朝西北、朝西、朝東,無充電樁,暫無,住商用,第一種商業區,4124元/戶/月,NA,NA,NA,2棟，176戶住家，14戶店面,"地上23層,地下4層",台北市南港區永吉路561號,待定。,https://market.591.com.tw/35699,54,2022-10-26,market
南港區,NA,111,山森原,336.0,151,45.0,225,35.46,1,13,3,59,17,29,46,NA,NA,NA,愛山林建設開發、森原建設,邑相聯合師事務所-呂允仁建築師,連元營造,甲山林廣告,RC,朝南、朝東,平面式17個、機械式29個、無充電樁,1:0.78,住家用,住宅區,暫無,大樂構築,大樂構築,邑相聯合建築設計師事務所,1棟，59戶住家,"地上13層,地下3層",台北市南港區三重路41巷,RC鋼筋混凝土。,https://market.591.com.tw/103263,57,2022-10-26,market
南港區,NA,111,八方玥,113.0,49,43.69,225,36.6,1,7,3,19,0,9,9,NA,NA,NA,佳宸建設,施振華建築師事務所,利榮營造,自售,RC,朝南,機械式9個、無充電樁,1:0.47,住商用,第三種住宅區,120元/坪/月,NA,NA,NA,1幢，1棟，17戶住家，2戶店面,"地上7層,地下3層",台北市南港區市民大道八段與南港路一段171巷交叉口,TOTO衛浴、TOTO五金、全棟4000磅混凝土,https://market.591.com.tw/5854655,53,2022-10-26,market
士林區,111,116,宏築天藴,302.0,102,34.1,225,35,1,14,3,38,41,0,41,5,111建字第0056號,5,聯築開發,陳克聚建築師事務所,待定,新聯陽機構－新聯祥廣告,RC鋼筋混凝土結構,朝東,平面式41個,1:1.08,住家用,第三種住宅區,待定,六國景觀設計,六國景觀設計,無,1幢，1棟，38戶住家,地上14層，地下3層,台北市士林區天玉街40號旁,主浴｜LAUFEN全自動馬桶、Villeroy＆Boch下嵌面盆、GROHE單槍面盆龍頭、GROHE定溫淋浴蓮蓬頭及昇降桿配件、GROHE定溫浴缸龍頭、DURAVIT壓克力上嵌浴缸次浴｜DURAVIT兩段單體式馬桶、DURAVIT下嵌面盆HANSGROHE單槍面盆龍頭、HANSGROHE定溫淋浴蓮蓬頭及昇降桿配件衛浴配件｜日系三菱暖風機廚具｜進口義大利PEDINI廚具櫃體、美國杜邦人造石檯面，BOSCH全嵌式洗碗機、BEST抽油煙機、BEST三口瓦斯爐、BEST蒸烤爐、高級炊飯鍋收納櫃、TEKA微波烤箱,https://newhouse.591.com.tw/130408/detail,81,2022-10-27,newhouse
士林區,110,113,璞知溪,275.0,137,50.11,225,33,1,14,3,40,48,0,48,3,110建字第0223號,3,璞園機構-璞永建設,境向聯合建築師事務所,翊豐營造,璞信廣告,RC鋼筋混凝土結構,朝西南,平面式48個,1:1.2,住家用,第三種住宅區,130元/坪/月,木三方設計,木三方設計,楊豪琳設計,1幢，1棟，40戶住家,地上14層，地下3層,台北市士林區中山北路六段405巷45弄,廚具：LEICHT廚櫃、林內三機+Hansgrohe伸縮龍頭。衛浴：TOTO。五金：Hansgrohe。,https://newhouse.591.com.tw/128884/detail,83,2022-10-26,newhouse
士林區,110,113,天母桓琚,224.0,98,44.16,120,31.5,1,12,3,34,0,29,29,3,110建字第0083號,3,桓鉅建設,元創建築師事務所,華熊營造,慕樺廣告,RC鋼筋混凝土結構,朝南,機械式29個,1:0.85,住家用,第二種住宅區,250元/坪/月,老圃造園,老圃造園,無,1幢，1棟，34戶住家,地上12層，地下3層,台北市士林區天母東路105巷9弄,RC鋼筋混凝土,https://newhouse.591.com.tw/128686/detail,95,2022-10-26,newhouse
士林區,110,113,璞詠川,206.0,91,44.65,225,33,1,10,2,27,23,0,23,3,110建字第0259號,3,璞園團隊-璞永建設、盛豐建設,十方聯合建築師事務所、中怡設計(立面),待定,璞信廣告,RC鋼筋混凝土結構,朝東南,平面式23個,1:0.85,住家用,第三種住宅區,待定,無,無,無,1幢，1棟，27戶住家,地上10層，地下2層,台北市士林區承德路四段2巷,RC鋼筋混凝土,https://newhouse.591.com.tw/129485/detail,82,2022-10-27,newhouse
士林區,110,114,有川翩翩,151.0,81,53.9,360,35.41,1,14,3,43,0,29,29,4,110建字第0273號,4,長澤建設,朱文熙建築師事務所,待定,得意佳廣告,RC鋼筋混凝土結構,朝北、朝南、朝西、朝東,機械式29個,1:0.67,住家用,第一種商業區,70元/坪/月,苙盛建築師事務所,苙盛建築師事務所,上合院國際設計,1幢，1棟，43戶住家,地上14層，地下3層,台北市士林區文林路594巷口,RC鋼筋混凝土,https://newhouse.591.com.tw/130720/detail,82,2022-10-27,newhouse
士林區,109,112,峰雅,106.0,47,45.0,225,33.73,1,9,2,13,3,11,14,3,109建字第0078號,3,岩鼎實業,黃翔龍建築師事務所,嘉益營造,岩鼎實業,RC鋼筋混凝土結構,朝西南,平面式3個、機械式11個,1:1.08,住家用,第三種住宅區,待定,禹連泉,禹連泉,冶鑄建築設計工坊,1幢，1棟，13戶住家,地上9層，地下2層,台北市士林區中山北路七段114巷1號,廚具：美系KOHLER搭配林內三機、衛浴：KOFLER、地坪：超耐磨木地板搭配隔音墊鋁窗：日系三協鋁窗、五金及冷熱水管：採不鏽鋼材質、STUDOR防疫吸氣閥,https://newhouse.591.com.tw/124378/detail,83,2022-10-27,newhouse
士林區,109,113,新美齊心岳,423.0,179,42.46,225,35,1,14,4,47,98,0,98,4,109建字第0279號,4,新美齊,H2R平原英樹、許國勝建築師事務所,待定,新聯陽機構-新聯昌廣告,RC鋼筋混凝土結構,朝北、朝南,平面式98個,1:2.09,住家用,第三種住宅區,160元/坪/月,太研規劃設計顧問,太研規劃設計顧問,JAHAA頡合設計,1幢，1棟，47戶住家,地上14層，地下4層,台北市士林區中山北路六段441巷,榮獲日經建築理想建材No.1大建室內門維夫拉克智慧住宅e-Home系統德國kronotex超耐磨木地板TOTO日本衛浴第一品牌KARAT美國LED環保無汞無毒除霧鏡義大利品味Paffoni衛浴水龍頭簡潔優美SANIWARE浴缸德國百年品牌Villeroy&Boch面盆浴室24小時換氣暖風機德國隔音墊,https://newhouse.591.com.tw/127287/detail,83,2022-10-26,newhouse
士林區,108,112,士林一品,994.0,446,44.94,560,34.4,8,21,4,127,170,0,170,4,108建字第0149號,4,東馬建設(股)公司,王正偉建築師事務所,森城建設,新風尚開發,RC鋼筋混凝土結構,朝北、朝南、朝西、朝東,平面式170個,1:1.34,住商用,第三種商業區(原第三種住宅區),待定,綠點設計,綠點設計,待定,2幢，8棟，105戶住家，21戶店面，1戶市定古蹟,地上21層，地下4層,台北市士林區義信里大南路67~105號南側,美國EPS隔震系統+鋼筋混泥土結構。基礎結構：基樁+連續壁+地中壁+扶壁+地下室筏基(逆打工法),https://newhouse.591.com.tw/122672/detail,82,2022-10-27,newhouse
士林區,NA,113,陽明大苑,900.0,288,32.08,225,34,3,19,4,122,147,0,147,NA,NA,NA,達麗建設,賦築建築師事務所-王宏仁,暫無,海悅廣告,RC,朝東,平面式147個、無充電樁,1:1.2,住商用,第三種住宅區,9482元/戶/月,太研,博勝設計,袁宗南設計師,1幢，3棟，120戶住家，2戶店面,"地上19層,地下4層",台北市士林區基河路、基河路300巷口,RC鋼筋混凝土。,https://market.591.com.tw/49594,54,2022-10-26,market
士林區,NA,113,全陽豐會,554.0,244,44.05,400,31.24,2,18,4,104,90,19,109,NA,NA,NA,全陽建設,江培衍建築師事務所/太乙建築師事務所,久和營造工程,甲桂林廣告,SRC,朝東、朝西,平面式90個、機械式19個、無充電樁,1:1.05,住家用,第三之二種住宅區,130元/戶/月,胡聰寶建築師事務所,郭陞宏室內&建築設計事務所,NA,2棟，104戶住家,"地上18層,地下4層",台北市士林區中山北路五段750號,SRC鋼骨鋼筋混凝土,https://market.591.com.tw/49606,54,2022-10-27,market
士林區,NA,113,僑駿ONARI,293.0,171,58.54,560,32.9,1,14,4,46,49,0,49,NA,NA,NA,僑駿建設,林煒郁建築師事務所,松下營造,創意家行銷,RC,朝西、朝東,平面式49個、無充電樁,1:1.07,住商用,商業區,暫無,NA,劉榮祿空間設計,NA,1幢，1棟，42戶住家，4戶店面,"地上14層,地下4層",台北市士林區中山北路五段608號,cleanup廚具、INAX衛浴、INAX五金、住友理工制震壁、YKK6+6mm玻璃、Low-E玻璃,https://market.591.com.tw/104307,53,2022-10-27,market
士林區,NA,113,御水苑,277.0,124,44.8,225,34,1,13,4,46,58,0,58,NA,NA,NA,頂格建設,黃秀莊建築師事務所,利榮營造,海悅地產開發,RC,朝東南,平面式58個、無充電樁,1:1.26,住家用,第三種住宅區,10288元/戶/月,木荷景觀工程,良承工程,NA,1幢，1棟，46戶住家,"地上13層,地下4層",台北市士林區天母西路50巷24號,德國Beckermann廚具、INAX及TOTO衛浴,https://market.591.com.tw/104434,53,2022-10-26,market
士林區,NA,113,綠水湛,105.0,62,59.2,400,33,1,13,3,35,0,24,24,NA,NA,NA,双華建設,胡仁發建築師事務所,待定,三希棠廣告,RC,朝西南,機械式24個、無充電樁,1:0.69,住家用,第三之二種住宅區,暫無,NA,NA,NA,1幢，1棟，35戶住家,"地上13層,地下3層",台北市士林區文林路708號,RC鋼筋混凝土,https://market.591.com.tw/3677334,54,2022-10-26,market
士林區,NA,113,山隱曼曼,103.0,46,44.96,560,35.68,1,9,2,19,0,11,11,NA,NA,NA,三穎建設開發,孫崇哲建築師事務所,暫無,三穎建設開發,RC,朝西,機械式11個、無充電樁,1:0.58,住家用,商業區,暫無,自由之丘工作室,NA,NA,1幢，1棟，19戶住家,"地上9層,地下2層",台北市士林區中正路213巷,櫻花三機廚具、美標衛浴、美標五金、防噪音板,https://market.591.com.tw/5475277,53,2022-10-26,market
士林區,108,114,圓山帝寶,600.0,227,37.94,400,34.8,1,24,6,206,184,0,184,6,108建字第0065號,6,愛山林建設開發/冠揚建設,郭秋利建築師事務所,達欣工程,愛山林建設開發,SRC鋼骨鋼筋混凝土結構,朝北、朝南、朝西、朝東、朝西北、朝西南、朝東北、朝東南,平面式184個,1:0.89,住商用,第三之二種住宅區、第三種住宅區,待定,李天鐸建築師事務所,李天鐸建築師事務所,李天鐸建築師事務所,1棟，203戶住家，3戶店面,地上24層，地下6層,台北市士林區承德路四段72號,SRC鋼骨鋼筋混凝土，建築外觀-李天鐸，建築規劃-郭秋利。,https://newhouse.591.com.tw/121380/detail,84,2022-10-26,newhouse
士林區,107,111,沐山,300.0,163,54.34,225,34,1,15,3,56,49,0,49,4,107建字第0203號,4,億安建設,大隱建築師事務所,億東營造,億安建設,RC鋼筋混凝土結構,朝西,平面式49個,1:0.88,住家用,第三種住宅區,待定,鄒駿昇/蔡一伶,鄒駿昇/蔡一伶,鄒駿昇/蔡一伶,1幢，1棟，56戶住家,地上15層，地下3層,台北市士林區中山北路7段81巷,RC鋼筋混凝土，廚具：LEICHT/BOSCH，衛浴：TOTO/KOHLER，五金：Hansgrohe。,https://newhouse.591.com.tw/122198/detail,84,2022-10-26,newhouse
士林區,NA,112,仰士林,810.0,232,28.68,225,34,2,22,4,84,150,0,150,NA,NA,NA,川騰建設,邱垂睿建築師事務所,日商熊谷組-華熊營造,海宇國際,SRC,朝東,平面式150個、無充電樁,1:1.79,住家用,第三種住宅區,暫無,邱垂睿建築師事務所,元佑設計,邱垂睿建築師事務所,1幢，2棟，84戶住家,"地上22層,地下4層",台北市士林區後港街、後港街134巷口,SRC鋼骨鋼筋混凝土,https://market.591.com.tw/103733,53,2022-10-26,market
士林區,NA,112,鐫月,396.0,178,45.0,225,34.6,1,14,3,40,53,0,53,NA,NA,NA,大陸建設,國際如思設計研究室/陳傳宗建築師事務所,大陸工程,慕樺廣告,SRC,朝西北,平面式53個、無充電樁,1:1.33,住商用,第三種住宅區,暫無,國際如思設計研究室,國際如思設計研究室,肯緒照明設計,1幢，1棟，38戶住家，2戶店面,"地上14層,地下3層",台北市士林區德行東路200號,廚具:nolte，衛浴:v&bdornbracht,https://market.591.com.tw/103700,53,2022-10-27,market
士林區,NA,112,日健闊,334.0,150,45.0,400,30.95,1,16,5,73,72,0,72,NA,NA,NA,日健建設,金以容、朱弘楠建築師事務所,順揮營造,詮欣行銷,RC,朝南,平面式72個、無充電樁,1:0.99,住商用,第三之二種住宅區,100元/戶/月,孫培強-木荷景觀工程,劉淑萍-樸匯設計,NA,1幢，1棟，71戶住家，2戶店面,"地上16層,地下5層",台北市士林區重慶北路四段110號,林內廚具、INAX衛浴、中華氣密鋁窗、SHARP空氣淨化機,https://market.591.com.tw/105061,53,2022-10-27,market
士林區,NA,112,三磐舍紫2,193.0,84,43.88,225,34,1,9,3,24,0,30,30,NA,NA,NA,三磐建設,林尚毅建築師事務所,立向營造,三磐建設,RC,朝北,機械式30個、無充電樁,1:1.25,住家用,第三種住宅區,暫無,NA,NA,NA,1幢，1棟，24戶住家,"地上9層,地下3層",台北市士林區社中街348號對面,林內三機廚具、和成衛浴、和成五金,https://market.591.com.tw/105050,53,2022-10-27,market
士林區,NA,112,原禾賦,174.0,78,45.14,225,34.8,1,13,2,27,1,29,30,NA,NA,NA,原禾開發,陳傳宗建築師事務所,益昌營造,賦盈廣告行銷,RC,朝東南,平面式1個、機械式29個、無充電樁,1:1.11,住商用,第三種住宅區,120元/坪/月,陳傳宗建築師事務所,陳傳宗建築師事務所,陳傳宗建築師事務所,1幢，1棟，24戶住家，3戶店面,"地上13層,地下2層",台北市士林區德行東路335號,廚具：PANASONIC　衛浴：KOHLER　五金：HANSGROHE　其他：VAF空氣潔流系統,https://market.591.com.tw/3694773,53,2022-10-27,market
士林區,NA,112,德悅悅,113.0,55,49.17,360,33,1,13,5,44,0,29,29,NA,NA,NA,德悅建設,周夢龍建築師事務所,暫無,天品廣告,RC,朝西、朝東,機械式29個、無充電樁,1:0.66,住商用,第一種商業區,暫無,PGA周簡建築師事務所,PGA周簡建築師事務所,PGA周簡建築師事務所,1幢，1棟，43戶住家，1戶店面,"地上13層,地下5層",台北市士林區文林路470、472號,衛浴：KOHLER、台達電正壓pm2.5.新風系統、防疫吸氣閥其他：Low-E玻璃,https://market.591.com.tw/104059,53,2022-10-27,market
士林區,NA,111,圓山ART,366.0,164,45.0,225,34,1,15,5,97,30,38,68,NA,NA,NA,聖得福建設開發,徐國書建築師事務所,同興營造工程TSEC,聖得福建設開發,SRC,朝東,平面式30個、機械式38個、無充電樁,1:0.69,住商用,住宅區,115元/坪/月,NA,筑庭室內裝修設計,袁宗南,1幢，1棟，90戶住家，7戶店面,"地上15層,地下5層",台北市士林區承德路四段100號旁,1、建築結構：SRC鋼骨鋼筋混凝土2、制震工程：日系住友制震壁3、外觀全棟石材4、5+5mmLow-e玻璃5、ToTo衛浴設備結構設計：凱巨工程顧問,https://market.591.com.tw/34957,53,2022-10-26,market
士林區,106,隨時交屋,菁山邸,165.0,57,34.91,120,37,1,4,1,12,1,8,9,NA,106建字第0127號,NA,德合建設,林煥圭建築師事務所,大業工程,德合建設,RC鋼筋混凝土結構,朝西南、朝東南,平面式1個、機械式8個、預留充電樁管線,1:0.75,住家用,第二種住宅區(特),60元/坪/月,林煥圭建築師事務所,林煥圭建築師事務所,林煥圭建築師事務所,1幢，1棟，12戶住家,地上4層，地下1層,台北市士林區菁山路72巷25號,廚具：櫻花牌，衛浴：TOTO免治馬桶，其他：梯廳地面鋪設石材、室內80*80地磚,https://newhouse.591.com.tw/130292/detail,81,2022-10-26,newhouse
士林區,105,隨時交屋,知鈺,107.0,45,42.34,225,42,1,9,2,8,2,9,11,NA,105建字第130號,NA,品宣建設,殷瑋建築師事務所,力佑國際營造,太平洋房屋,RC鋼筋混凝土結構,朝南,平面式2個、機械式9個,1:1.38,住家用,第三種住宅區,待定,無,無,無,1幢，1棟，8戶住家,地上9層，地下2層,台北市士林區芝玉路二段86號,依現場為主,https://newhouse.591.com.tw/125830/detail,82,2022-10-27,newhouse
大同區,NA,117,雲極,669.0,397,59.47,560,33,2,24,6,212,203,0,203,NA,NA,NA,三豐建設,黃秀莊建築師事務所/邱垂睿建築師事務所,金源營造,巨將創意廣告,RC、SRC,朝北、朝南、朝西、朝東,平面式203個、無充電樁,1:0.96,住商用,第三種商業區,100元/坪/月,黃皓如設計師(大群設計),李俊平設計師,旭川,1幢，2棟，207戶住家，5戶店面,"地上24層,地下6層",台北市大同區民生西路251號旁,0.32G超高抗震係數。TOTO衛浴、潤泰隔音墊、YKKAP水密窗,https://market.591.com.tw/3681830,57,2022-10-26,market
大同區,111,115,當代1號院,440.0,219,49.96,400,34.5,1,16,6,167,123,0,123,4,111建字第0140號,4,新總陽建設,梁正芳建築師事務所,永森營造,愛山林建設開發,SC鋼骨結構,朝東,平面式123個、有充電樁,1:0.74,住商用,住4-1、住3,120元/坪/月,李文勝,李文勝,李文勝,1幢，1棟，165戶住家，2戶店面,地上16層，地下6層,台北市大同區重慶北路三段202號,廚具：櫻花，衛浴：美國KARAT智能馬桶、義大利CATALANO面盆，五金：德國Hansgrohe、Villeroy&Boch。,https://newhouse.591.com.tw/129685/detail,84,2022-11-01,newhouse
大同區,110,113,民權首富Ⅱ,110.0,56,51.59,560,34,1,15,4,57,0,28,28,3,110建字第0121號,3,華誼建設,葉日明建築師事務所,震昌工程,自售,RC鋼筋混凝土結構,朝北、朝南,機械式28個,1:0.49,住商用,第三種商業區,待定,冶鑄設計,冶鑄設計,無,1幢，1棟，56戶住家，1戶店面,地上15層，地下4層,台北市大同區民權西路141號,RC鋼筋混凝土,https://newhouse.591.com.tw/125668/detail,86,2022-10-27,newhouse
大同區,110,114,大承,766.0,544,71.06,特定專用區,31.7,1,30,5,125,191,0,191,4,110建字第0226號,4,弘千建設、中鹿開發,三大聯合建築師事務所,中鹿營造,甲桂林廣告,SRC鋼骨鋼筋混凝土結構,朝北、朝南,平面式191個,1:1.53,住商用,特定專用區(二)、第三種商業區,待定,無,無,郭陞弘設計師,1幢，1棟，104戶住家，12戶店面，9戶一般事務所,地上30層，地下5層,台北市大同區南京西路迪化街口,結構規劃：永竣工程建材：依現場為主,https://newhouse.591.com.tw/127128/detail,82,2022-10-27,newhouse
大同區,110,115,城心曜曜,1009.0,517,51.25,400,32,2,24,5,227,250,0,250,5,110建字第0053號,5,士林開發,江培珩建築師事務所/P&T,待定,慕樺廣告,SRC鋼骨鋼筋混凝土結構,朝北、朝南、朝西、朝東,平面式250個、預留充電樁管線,1:1.1,住商用,第四之一種住宅區(特)、第四種住宅區(特),110元/坪/月,瀚翔設計,瀚翔設計,十邑設計,1幢，2棟，207戶住家，17戶店面，3戶管委會空間,地上24層，地下5層,台北市大同區承德路二段142號旁,廚具Nolte櫃體、Bosch電器衛浴：Kohler、Axor、Hansgrohe五金：Hansgrohe其他：YALE電子鎖、LOW-E玻璃,https://newhouse.591.com.tw/128213/detail,81,2022-10-26,newhouse
大同區,NA,115,有鄰,287.0,138,48.25,560,33.3,1,15,4,59,49,0,49,NA,NA,NA,年豐建設,謝國鐘建築師事務所,松聯營造,傳真行銷,RC,朝北、朝西、朝東,平面式49個、預留管線,1:0.83,住商用,第三種商業區、第四種住宅區,暫無,六國園藝,筑庭設計,NA,1幢，1棟，56戶住家，3戶店面,"地上15層,地下4層",台北市大同區重慶北路三段7號,廚具：cleanup，衛浴：TOTO，其他：三協氣密窗。外觀設計：Roewu。,https://market.591.com.tw/5859631,53,2022-10-26,market
大同區,109,112,築億丰盛,168.0,92,55.06,300,37,1,12,2,46,0,20,20,3,109建字第116號,3,築億建設,九騰建築師事務所,興澤營造,海沃創意行銷,RC鋼筋混凝土結構,朝北、朝南,機械式20個,1:0.43,住商用,第四種住宅區,待定,無,無,無,1幢，1棟，44戶住家，2戶店面,地上12層，地下2層,台北市大同區蘭州街89巷14號,「一筆箍」柱中柱結構工法、戴雲發AlfaSafe柱中柱、工研院研發抗壓耐震防火輕質系統磚、世界第一大品牌RAK磁磚、5合1AI智慧門鎖、林內三機、德國精品廚具衛浴全球最大木業德國第一品牌太格精工木地板,https://newhouse.591.com.tw/124940/detail,82,2022-10-26,newhouse
大同區,NA,114,永筑埕曦,129.0,64,49.99,630,32.8,1,11,2,33,0,24,24,NA,NA,NA,永筑建設,潤山建築師事務所,益昌營造,自售,RC,朝北,機械式24個、預留管線,1:0.73,住商用,第二種商業區（特）,暫無,NA,NA,天堂島設計,1幢，1棟，29戶住家，4戶店面,"地上11層,地下2層",台北市大同區民族西路188號,廚具：Panasonic、林內，衛浴：TOTO，其他：STUDOR排水通氣防疫系統、全棟愛惠浦淨水、候選綠建築.智慧宅.耐震宅標章,https://market.591.com.tw/5880965,54,2022-10-26,market
大同區,NA,114,永保安康,118.0,80,68.16,560,31.78,1,14,2,47,0,29,29,NA,NA,NA,金騰開發建設,黃明智建築師事務所,待定,金鼎揚廣告,RC,朝北、朝南、朝東,機械式29個、無充電樁,1:0.62,住商用,第三種商業區,暫無,NA,NA,NA,1幢，1棟，46戶住家，1戶店面,"地上14層,地下2層",台北市大同區保安街80-82號,廚具：panasonic，衛浴：TOTO全自動馬桶，五金：TOTO，其他：耐震六級設計、長庚活水諧振器、中華隔音氣密窗、panasonic奈米水離子發生器,https://market.591.com.tw/3676924,53,2022-10-27,market
大同區,NA,114,日新好好,87.0,44,50.75,560,34.79,1,14,3,37,0,20,20,NA,NA,NA,瑞天開發、義華建設開發,陳逸軒建築師事務所,暫無,超悅廣告,RC,朝東南,機械式20個、無充電樁,1:0.54,住商用,第三種商業區,120元/坪/月,NA,NA,NA,1幢，1棟，36戶住家，1戶店面,"地上14層,地下3層",台北市大同區太原路148號,廚具：櫻花三機，衛浴：主浴Kohler全自動馬桶、暖風機，五金：grohe，其他：YKK氣密窗,https://market.591.com.tw/5868499,60,2022-10-26,market
大同區,108,112,金瑞山,123.0,98,80.0,特定專用區,33,1,12,3,36,0,29,29,4,108建字第0226號,4,德悅開發,陳金水建築師事務所,成功營建,德悅開發,RC鋼筋混凝土結構,朝北、朝東,機械式29個,1:0.81,住商用,特定專用區(二),150元/坪/月,無,無,無,1幢，1棟，29戶住家，7戶店面,地上12層，地下3層,台北市大同區延平北路二段168號,RC鋼筋混凝土、Panasonic廚具搭配林內瓦斯爐及抽油煙機、杜邦檯面、Ariston洗碗機、TOTO衛浴、日本昭和氣密窗、維夫拉克三合一電子鎖。,https://newhouse.591.com.tw/123512/detail,84,2022-10-26,newhouse
大同區,111,113,德璞永樂,463.0,312,67.48,特定專用區,33,1,15,5,112,115,0,115,2,111建字第0056號,2,六德建設、元璞建設,劉宇傑建築師事務所,暫無,樸新廣告,RC,朝西,平面式115個、無充電樁,1:1.03,住商用,特定專用區,100元/坪/月,劉宇傑建築師事務所,如榆建築及設計,無,1幢，1棟，103戶住家，9戶店面,"地上15層,地下5層",台北市大同區南京西路、近迪化街口,RC鋼筋混凝土,https://market.591.com.tw/103729,54,2022-10-27,market
大同區,NA,112,嘉源埕驛,30.0,19,65.0,560,暫無,1,5,1,4,0,3,3,NA,NA,NA,嘉源建設,立志建築師事務所,暫無,潤鼎廣告,RC,朝北,機械式3個、無充電樁,1:0.75,住家用,第三種商業區,100元/坪/月,立志建築師事務所,立志建築師事務所,立志建築師事務所,1幢，1棟，4戶住家,"地上5層,地下1層",台北市大同區延平北路一段66巷8號,磁磚：台灣冠軍、廚具：台灣櫻花、衛浴：日本TOTO、門鎖：美國YALE電子鎖、窗戶：日本昭和氣密窗、玻璃：5+5mm膠合玻璃、電梯：瑞士迅達、活水設備：日本新泉、門禁系統：中興無限智能保全系統、其他：英國STUDOR吸氣閥、Panasonic多功能暖風機,https://market.591.com.tw/5470630,54,2022-10-26,market
大同區,NA,111,城市莊園,1337.0,668,50.0,300,33,3,18,4,252,281,0,281,NA,NA,NA,"大業欣,廣宇建設",李岳軍,暫無,巨將廣告,RC,朝北、朝南,平面式281個、無充電樁,1:1.12,住商用,第四種住宅區,50899.5元/戶/月,禾拓規劃設計顧問,域研近相空間設計,光拓彩通照明設計工程,3棟，244戶住家，8戶店面,"地上18層,地下4層",台北市大同區民權西路160巷26弄,待定,https://market.591.com.tw/35266,53,2022-10-27,market
大同區,NA,111,宏國大道城-D區,596.0,282,47.41,300,33,1,19,5,132,137,0,137,NA,NA,NA,宏國集團,香港P&T、王克誠建築師事務所,華熊營造,傳真實業,SC,朝南,平面式137個、無充電樁,1:1.04,住商用,第四種住宅區,暫無,瀚翔景觀,太然空間設計,NA,1幢，1棟，124戶住家，8戶店面,"地上19層,地下5層",台北市大同區承德路二段與民生西路交叉口附近,SC鋼骨造,https://market.591.com.tw/103894,53,2022-10-26,market
大同區,106,114,宏國大道城-B區,750.0,416,55.48,560,33.8,10,26,5,164,210,0,210,8,106建字第215號,8,大陞開發、億隆開發建設(宏國集團),王克誠、林連璋、P&T外觀設計,華熊營造,傳真實業,SC鋼骨結構,朝北,平面式210個,1:1.28,住商用,第三種商業區，第四種住宅區,待定,瀚翔景觀,瀚翔景觀,太然空間設計,1幢，10棟，154戶住家，10戶店面,地上26層，地下5層,台北市大同區承德路二段與民生西路交叉口附近,鋼骨結構,https://newhouse.591.com.tw/126910/detail,84,2022-10-26,newhouse
大同區,NA,110,吉美樂河,680.0,300,44.24,225,33.5,1,15,4,132,133,0,133,NA,NA,NA,"吉美建設,聚展建設",朱騰惠,連元營造,新風尚開發,RC,朝西、朝北、朝南,平面式133個、無充電樁,1:1.01,住商用,第三種住宅區,5300元/戶/月,老圃造園工程,築內國際設計,NA,1棟，123戶住家，9戶店面,"地上15層,地下4層",台北市大同區迪化街二段172巷,大雅廚具、TOTO衛浴、hansgrohe五金、三協鋁門窗、耶魯電子鎖,https://market.591.com.tw/35130,53,2022-10-27,market
大同區,NA,110,敦豐苑,111.0,56,50.59,560,38,1,13,4,37,0,29,29,NA,NA,NA,敦仰建設,張維哲,泰亞營造,海揚廣告,RC,朝北、朝西、朝東,機械式29個、無充電樁,1:0.78,住商用,第三種商業區,暫無,NA,NA,NA,1幢，1棟，36戶住家，1戶店面,"地上13層,地下4層",台北市大同區重慶北路二段、蘭州街口,RC結構,https://market.591.com.tw/37633,58,2022-10-26,market
大安區,111,113,大安信藝館,82.0,35,43.48,560,38.88,1,10,地上10,17,0,10,10,2,111建字第0040號,2,御翔開發建設,黃翔龍建築師事務所,待定,自售,RC鋼筋混凝土結構,朝南,機械式10個、預留充電樁管線,1:0.59,住家用,商三(原住三),待定,黃翔龍建築師事務所,黃翔龍建築師事務所,黃翔龍建築師事務所,1幢，1棟，17戶住家,地上10層,台北市大安區文昌街255、257、259號,RC鋼筋混凝土,https://newhouse.591.com.tw/128487/detail,95,2022-10-26,newhouse
大安區,110,113,三創爵鼎,148.0,66,44.9,300,39,1,13,3,56,0,29,29,3,110建字第0020號,3,祿鼎建設(富鉅鼎集團),姚永和建築師事務所,三雋營造,詮力實業,SRC鋼骨鋼筋混凝土結構,朝北,機械式29個,1:0.52,住商用,第三之一種住宅區(特),待定,無,無,無,1幢，1棟，54戶住家，2戶店面,地上13層，地下3層,台北市大安區市民大道三段92號,電梯：台灣三菱電梯中央弱電：人臉辨識系統/社區智能櫃/AI辨識攝影機鋁門窗：YKKap隔音氣密窗門鎖：Yale四合一電子鎖衛浴設備：智慧型免治馬桶吸氣閥：DURGO吸氣閥飲水設備：德國BWT全自動前置反沖洗雜質過濾器/長庚生技諧振活化水處理器/愛惠浦淨水器廚具設備：杜邦石檯面/櫻花排油煙機/櫻花懸掛式烘碗機/微波烤箱,https://newhouse.591.com.tw/127280/detail,82,2022-10-27,newhouse
大安區,110,113,附中仁,78.0,41,53.56,300,38.9,1,9,2,36,0,11,11,3,110建字第0346號,3,茂勝建設,梁丕昇建築師事務所,待定,海森廣告實業,RC鋼筋混凝土結構,朝南,機械式11個,1:0.31,住家用,第四種住宅區,150元/坪/月,無,無,彭文苑建築師事務所,1幢，1棟，36戶住家,地上9層，地下2層,台北市大安區大安路一段176巷7、9號,國際廚具、TOTO衛浴、GROHE五金,https://newhouse.591.com.tw/128157/detail,86,2022-10-26,newhouse
大安區,NA,115,永康麗莊,538.0,242,45.0,225,34,8,17,4,67,67,0,67,NA,NA,NA,富都新開發建設,李天鐸建築師事務所,華熊營造,信義代銷,SC,朝西,平面式67個、無充電樁,1:1,住商用,第三種住宅區,180元/戶/月,王勝正,王勝正,袁宗南,1幢，8棟，65戶住家，2戶店面,"地上17層,地下4層",台北市大安區永康街28號旁,待定,https://market.591.com.tw/3681838,54,2022-10-26,market
大安區,109,112,大安MONEY,237.0,154,65.0,560,34,2,15,2,141,70,0,70,3,109建字第0021號等2個,3,恆合建設,常得群建築師事務所,待定,創意家行銷,RC鋼筋混凝土結構,朝西南、朝東北,平面式70個,1:0.5,住商用,第三種商業區,待定,無,無,無,2幢，2棟，135戶住家，6戶店面,地上15層，地下2層,台北市大安區羅斯福路三段159號,Noblessa廚具，TOTO、GROHE衛浴，日本SHOWA氣密窗,https://newhouse.591.com.tw/123280/detail,83,2022-11-01,newhouse
大安區,110,114,華固大安學府,547.0,240,44.0,300,32,1,23,5,91,124,0,124,4,110建字第0112號,4,華固建設,陳肇勳建築事務所,品興營造,新聯昌廣告,SRC,朝西、朝東,平面式124個、有充電樁,1:1.32,住商用,第三之一種住宅區、第三種商業區、第三種住宅區,200元/坪/月,頤和設計,JTCDesign,原碩照明,1幢，1棟，81戶住家，10戶店面,"地上23層,地下5層",台北市大安區復興南路二段、和平東路口,SRC鋼骨鋼筋混凝土,https://market.591.com.tw/5868652,53,2022-10-26,market
大安區,NA,114,德運永康,369.0,208,56.4,560,30,1,23,5,47,76,18,94,NA,NA,NA,德運建設,元宏聯合建築師事務所,暫無,傳真實業,SC,朝北、朝南,平面式76個、機械式18個、無充電樁,1:1.77,住商用,第三種商業區（特）,暫無,NA,衡立室內裝修設計(杜文正),袁宗南照明設計,1幢，1棟，41戶住家，6戶店面,"地上23層,地下5層",台北市大安區信義路二段,SieMatic廚具、GROHE衛浴、附空調主機,https://market.591.com.tw/3516244,53,2022-10-26,market
大安區,NA,114,大安謙?,144.0,80,55.78,300,35.19,1,12,3,22,0,24,24,NA,NA,NA,興富謙建設,劉宇傑建築師事務所、如榆設計,地樺營造,聯碩行銷,RC,朝南,機械式24個、無充電樁,1:1.04,住商用,第四種住宅區,暫無,NA,元佑設計YUANYOUDesign,NA,1幢，1棟，21戶住家，1戶店面,"地上12層,地下3層",台北市大安區大安路一段206巷15號,RC鋼筋混凝土,https://market.591.com.tw/5854549,54,2022-10-27,market
大安區,NA,114,敦南竣,125.0,65,52.06,225,34.04,1,10,2,20,0,25,25,NA,NA,NA,騰竣建設,林秀芬建築師事務所,隆豪營造,信義房屋-代銷部,RC,朝南,機械式25個、無充電樁,1:1.25,住商用,第三種住宅區,暫無,與作設計,與作設計,林秀芬建築師事務所,1幢，1棟，17戶住家，3戶店面,"地上10層,地下2層",台北市大安區四維路170巷9號、11號、13號,廚房：Cleanup衛浴：KOHLER地磚：RAK五金：hansgrohe,https://market.591.com.tw/5854635,55,2022-10-27,market
大安區,108,113,潤泰大安富陽,652.0,232,35.6,225,32.4,1,23,4,130,130,0,130,5,108建字第0168號,5,潤泰創新國際,張倫端建築師事務所、鑄力聯合建築師事務所,潤弘精密工程,潤泰創新國際,RC,朝西南、朝東北,平面式130個、無充電樁,1:1,住商用,第三種住宅區,暫無,鑄力聯合建築師事務所,無,鑄力聯合建築師事務所,1幢，1棟，126戶住家，4戶店面,"地上23層,地下4層",台北市大安區臥龍街268號,林內廚具、TOTO衛浴,https://market.591.com.tw/3681559,54,2022-10-26,market
大安區,108,113,BR4,243.0,157,65.0,560,37,1,13,3,137,0,63,63,5,108建字第0097號,5,博德開發(志榮集團),李岳軍建築師事務所、李文勝,國耀營造,自售,SC鋼骨結構,朝西、朝東,機械式63個,1:0.46,住商用,第三種商業區、第四種商業區,待定,無,無,陳鵬旭,1棟，135戶住家，2戶店面,地上13層，地下3層,台北市大安區復興南路一段175號旁,SC純鋼骨。,https://newhouse.591.com.tw/120120/detail,89,2022-10-26,newhouse
大安區,NA,113,久年銀座,44.0,24,54.97,560,36.78,1,15,4,28,0,20,20,NA,NA,NA,久年置地,陳睿成建築師事務所,久年營造,新澄地產行銷,RC,朝西、朝東,機械式20個、無充電樁,1:0.71,住商用,商業區,180元/戶/月,陳睿成建築師事務所,域相墨湧設計,陳睿成建築師事務所,1幢，1棟，28戶住家,"地上15層,地下4層",台北市大安區和平東路一段167號,廚具：日本原裝進口CLEARNUP廚具，衛浴：INAX免治馬桶/Hansgrohe花灑，五金：德國Blum鉸鏈，其他：三菱冷氣主機/三菱全熱PM2.5交換器/Rinnia洗碗機/BOSH微波烘烤爐/3M0.5微米淨水器/法國Svago電磁爐/法國亞提納電熱水器/Panasonic四合一暖風機/YKK氣密窗/6+6膠合玻璃/班傑明零ＶＯＣ油漆。,https://market.591.com.tw/3697495,53,2022-10-27,market
大安區,NA,112,台大新碩,224.0,112,50.26,225,34.9,1,11,3,34,33,0,33,NA,NA,NA,新碩建設,黃士瑋建築師事務所,遠碩營造,信義代銷,RC,朝南、朝東,平面式33個、無充電樁,1:0.97,住家用,第三種住宅區,暫無,NA,NA,NA,1幢，1棟，34戶住家,"地上11層,地下3層",台北市大安區泰順街60巷18弄2~4號,廚房：日本Cleanup廚具/Rinnai瓦斯爐/SVAGO蒸烤爐衛浴：INAX全自動電腦馬桶/TOTO面盆、龍頭地磚：KRONOTEX/RAK/ROMAN,https://market.591.com.tw/103936,53,2022-10-26,market
大安區,107,隨時交屋,吉美大安花園,967.0,311,32.17,225,33.4,1,21,4,84,192,0,192,NA,107建字第0073號,NA,吉美建設,P&T高鴻文建築師事務所,久年營造,創意家行銷,SRC鋼骨鋼筋混凝土結構,朝北、朝南,平面式192個,1:2.29,住家用,第三種住宅區,190元/坪/月,盧胤瀚設計師,盧胤瀚設計師,杜文正設計師,1棟，84戶住家,地上21層，地下4層,台北市大安區大安路二段80號,待定,https://newhouse.591.com.tw/119282/detail,83,2022-10-26,newhouse
大安區,106,111,大安富筑,159.0,103,65.0,560,38.8,1,8,2,37,0,14,14,5,106建字第0219號,5,京倫建設,張玉樹建築師事務所,昇邦營造,京倫建設,RC鋼筋混凝土結構,朝南、朝東,機械式14個,1:0.38,住商用,商三,200元/坪/月,暫無,暫無,暫無,1棟，35戶住家，2戶店面,地上8層，地下2層,台北市大安區通化街36號,待定。,https://newhouse.591.com.tw/117666/detail,85,2022-10-26,newhouse
大安區,106,113,親家JIA,391.0,151,38.66,300,38,1,13,3,107,60,0,60,7,106建字第0192號,7,親家地產,陳廷杰建築師事務所,東霙營造,萬群廣告企劃,RC鋼筋混凝土結構,朝北、朝南,平面式60個,1:0.56,住商用,第三之一種住宅區(特),150元/坪/月,無,無,無,1幢，1棟，105戶住家，2戶店面,地上13層，地下3層,台北市大安區安東街、安東街35巷交叉口,GROHE馬桶、面盆、龍頭、淋浴花灑系統；TEKA抽油煙機；TOSTEM氣密窗；Yale電子鎖，Kohler化妝鏡櫃，四合一暖風機，Bosch洗脫烘，ＩＨ爐,https://newhouse.591.com.tw/126518/detail,83,2022-10-26,newhouse
大安區,106,隨時交屋,大安滕,128.0,57,45.0,400,35.8,1,12,2,45,0,35,35,NA,106建字第0227號,NA,柏嘉開發(志榮建設),郭旭原建築師事務所,山發營造,志榮建設,RC鋼筋混凝土結構,朝南、朝西,機械式35個,1:0.78,住商用,第三之二種住宅區,200元/坪/月,大尺設計-黃惠美總監,大尺設計-黃惠美總監,大尺設計-黃惠美總監,1幢，1棟，44戶住家，1戶店面,地上12層，地下2層,台北市大安區新生南路一段145號,採用YKK、TOSTEM、三協同等級氣密隔音窗，TOTO浴室換氣暖房乾燥機、TOTODH馬桶。,https://newhouse.591.com.tw/123527/detail,83,2022-10-26,newhouse
大安區,NA,110,敦南好好,152.0,48,31.98,225,36.14,1,10,2,27,4,12,16,NA,NA,NA,安家道生,鄭誌明建築師事務所,王工南營造,海沃創意行銷,RC,朝東北、朝西南、朝西北,平面式4個、機械式12個、無充電樁,1:0.57,住家用,第三種住宅區、第三之一種住宅區,180元/戶/月,三十三設計,珩荷空間設計,NA,1棟，27戶住家,"地上10層,地下2層",台北市大安區樂業街72巷22號,林內三機、HANSGROHE龍頭五金、KOHLER衛浴、BWT活水系統、Yale電子鎖，義大利Indesit洗脫烘，DORIS廚具，美國KOHLER全自動智慧單體免治馬桶，美國YALE電子鎖，德國hansgrohe衛浴五金。,https://market.591.com.tw/49551,54,2022-10-27,market
大安區,105,隨時交屋,睿泰美,98.0,60,61.5,630,39.6,1,9,2,19,0,14,14,NA,105建字第0226號,NA,睿泰開發,張全智建築師事務所,傑昇營造,睿泰開發,RC鋼筋混凝土結構,朝南,機械式14個,1:0.74,商業用,第二種商業區,150元/坪/月,無,無,無,1棟，19戶一般事務所,地上9層，地下2層,台北市大安區基隆路二段132巷2號,三菱電梯10人座、速度105m/s、安全到樓機能(SLF)、光幕式門檔、讀卡機樓層管制系統。菱光機械大型休旅車倉儲式車位、油壓升降、噪音低且出車快速。中華鋁門窗，台玻8mm強化玻璃，氣密、水密及隔音。玄關門採維夫拉克電子感應門鎖系統，搭配感應卡及機械鑰匙兩種開門方式。,https://newhouse.591.com.tw/124467/detail,82,2022-10-26,newhouse
大安區,NA,109,清歡,299.0,134,45.0,225,33.3,1,14,4,27,56,0,56,NA,NA,NA,鼎美建設,陳麗珍,金弘承營造,傳真機構‧傳美廣告,RC,朝南,平面式56個、無充電樁,1:2.07,住家用,第三種住宅區,13000元/坪/月,盧胤翰,關傳雍,大公造明,1棟，27戶住家,"地上14層,地下4層",台北市大安區杭州南路二段25巷41號,暫無,https://market.591.com.tw/35874,56,2022-10-26,market
文山區,111,116,公園首璽,400.0,180,45.0,225,34.8,1,14,4,65,75,0,75,5,111建字第0033號(改照中),5,僑府興建設、五十甲建設開發,蕭家福聯合建築師事務所,待定,五十甲建築行銷團隊,RC鋼筋混凝土結構,朝西北、朝東南,平面式75個、預留充電樁管線,1:1.15,住家用,第三種住宅區,100元/坪/月,方極景觀,方極景觀,元佑設計,1幢，1棟，65戶住家,地上14層，地下4層,台北市文山區木新路二段218巷32號對面,窗戶｜日本YKK-AP氣密窗玻璃｜5+5MM膠合強化玻璃廚具｜義大利CESAR原裝進口櫥櫃、美國杜邦人造石檯面、德國BOSCH微波烤箱、林內內焰玻璃雙口爐、林內超薄抽油煙機、林內烘碗機、諾德淨水器主浴｜日本TOTO單體馬桶搭配免治馬桶座、德國DURAVIT瓷器面盆、德國HANSGROHE控溫龍頭設備、德國LEICHT下體浴櫃、義大利Smavit鋼板琺瑯浴缸衛浴配件｜日本Panasonic多功能豪華型無線暖風機電梯｜MITSUBISHI三菱高級電梯其他｜屋頂及中庭採用德國頂級BASF聚脲塗料,https://newhouse.591.com.tw/130650/detail,82,2022-10-26,newhouse
文山區,109,115,青耘上,322.0,144,45.0,225,32.49,1,14,3,65,40,0,40,6,109建字第0150號(改照中),6,鴻暘建設(松陽機構),劉書豪+吳亞蘋建築師事務所,台新營造,鴻慶廣告,RC,朝北、朝南、朝東,平面式40個、無充電樁,200~220萬,住家用,第三種住宅區,(元/坪/月),六國,劉書豪+吳亞蘋建築師事務所,劉書豪+吳亞蘋建築師事務所,1幢，1棟，65戶住家,"地上14層,地下3層",台北市文山區光輝路22巷,待定,https://market.591.com.tw/5880751,53,2022-10-26,market
文山區,NA,114,樹語院,2016.0,710,35.22,120,32.69,12,5,3,106,137,0,137,NA,NA,NA,和暘建設,太乙建築師事務所(鄧毅仁),騰森營造,美學生活置業,RC,朝北、朝南,平面式137個、預留管線,1:1.28,住家用,第二種住宅區、第三種住宅區,90元/坪/月,老圃,李文勝建築師事務所,日大,5幢，12棟，106戶住家,"地上5層,地下3層",台北市文山區秀明路一段185巷20號,RC鋼筋混凝土,https://market.591.com.tw/5854630,53,2022-10-26,market
文山區,NA,114,吉美君悦,426.0,242,57.0,560,33.8,1,24,5,163,99,19,118,NA,NA,NA,吉美建設,陳浩怡建築師事務所,暫無,傳真實業,RC,朝西南、朝東,平面式99個、機械式19個、無充電樁,1:0.72,住商用,第三種商業區,120元/戶/月,聿善,築內國際企業,NA,1幢，1棟，153戶住家，10戶店面,"地上24層,地下5層",台北市文山區羅斯福路六段455巷口,櫻花廚具、TOTO衛浴、hansgrohe五金,https://market.591.com.tw/3668828,53,2022-10-26,market
文山區,NA,114,岳泰峰悦,294.0,119,40.56,225,34.5,1,9,3,25,38,0,38,NA,NA,NA,岳泰建設,謝仕煌建築師事務所,待定,詮力實業,RC,朝西、朝東,平面式38個、有充電樁,1:1.52,住家用,第三種住宅區,120元/坪/月,NA,NA,NA,1幢，1棟，25戶住家,"地上9層,地下3層",台北市文山區新光路一段66巷,廚具：林內，衛浴：TOTO，五金：KULDI,https://market.591.com.tw/5868881,54,2022-10-26,market
文山區,NA,114,宏廷富山?,273.0,120,44.05,225,33,1,15,3,42,31,16,47,NA,NA,NA,宏廷建設,張玉樹建築師事務所,翊豐營造,禾合行銷,RC,朝東,平面式31個、機械式16個、無充電樁,1:1.12,住家用,第三種住宅區,100元/坪/月,兆軒設計,NA,NA,1幢，1棟，42戶住家,"地上15層,地下3層",台北市文山區富山路5號,廚具：林內雙口爐、林內排油煙機、喜特麗烘碗、BOSS無鉛龍頭、杜邦人造石檯面衛浴：TOTO　五金：Hansgrohe其他：五合一電子鎖、不二氣密窗、LOW-E5+6+5mm複層玻璃、新日鐵製震壁、人臉辨識系統,https://market.591.com.tw/105101,53,2022-10-27,market
文山區,110,114,天成河悅,116.0,69,60.15,360,37.8,1,13,3,36,1,26,27,4,110建字第0265號,4,新添成建設,卓培煙建築師事務所,仲城建築,新風尚開發,RC,朝北、朝南,平面式1個、機械式26個、有充電樁,1:0.75,住家用,第一種商業區,暫無,大沃國際設計,大沃國際設計,無,1幢，1棟，36戶住家,"地上13層,地下3層",台北市文山區景福街220號旁,BeckermannKüchen德國科技廚具、GROHE衛浴定溫淋浴系列、AXENT主浴免治遙控馬桶、Panasonic浴室多功能排風機、Kronotex德國進口木地板、SHOWA日本昭和鋁窗。,https://market.591.com.tw/5861748,57,2022-10-27,market
文山區,108,112,沐極,334.0,126,37.89,225,30.9,1,14,3,51,20,25,45,4,108建字第0099號,4,金門建設,葉錠坤建築師事務所,偉宏營造,自售,RC鋼筋混凝土結構,朝西南,平面式20個、機械式25個,1:0.88,住家用,第三種住宅區,100元/坪/月,無,無,無,1棟，51戶住家,地上14層，地下3層,台北市文山區興隆路三段304巷,三協隔音氣密窗、TOTO衛浴、國際牌四合一暖風機、林內牌三機、德國歐寶高級廚具、利邦studor吸氣閥、當層排氣、一卡通門禁管理系統,https://newhouse.591.com.tw/121693/detail,85,2022-10-27,newhouse
文山區,108,112,采采靚心,219.0,93,42.68,225,35.4,2,7,2,25,0,25,25,4,108建字第0222號,4,御府建設,黃秀莊建築師事務所,元洲營造,自售,RC鋼筋混凝土結構,朝西北,機械式25個,1:1,住家用,第三種住宅區,120元/坪/月,無,無,我行設計,1幢，2棟，25戶住家,地上7層，地下2層,台北市文山區興順街106號,德國GROHE衛浴龍頭、德國Villeroy&Boch衛浴瓷器、主臥日本INAX免治、大金變頻冷暖主機、DORMAKABA德國電子鎖、BWT淨水設備、漢斯廚具、DURGO吸氣閥,https://newhouse.591.com.tw/125340/detail,84,2022-10-26,newhouse
文山區,NA,113,元利森活莊園,2907.0,670,23.05,225,34,2,27,4,260,403,0,403,NA,NA,NA,元利建設企業,李天鐸建築師事務所,五益營造,新聯昌實業,SC,朝北、朝南、朝西、朝東,平面式403個、無充電樁,1:1.55,住家用,第三種住宅區,150元/戶/月,環藝工程,頡合設計,原碩照明,1幢，2棟，260戶住家,"地上27層,地下4層",台北市文山區木柵路一段．永建國小旁,廚具：林內衛浴：PANASONIC、TOTO、GROHE,https://market.591.com.tw/3694924,54,2022-10-27,market
文山區,109,113,忠泰湛,836.0,379,45.44,560,34,2,23,4,117,170,0,170,4,109建字第0212號,4,忠泰建設,陳傳宗建築師事務所/梅林克(日本),忠泰營造,忠泰房屋,RC,朝東,平面式170個、預留管線,1:1.45,住商用,第三種商業區,120元/坪/月,木荷景觀,禾邸設計,肯緒照明設計,1幢，2棟，109戶住家，8戶店面,"地上23層,地下4層",台北市文山區木新路、開元街口,林內廚具、DURAVIT衛浴、Hansgrohe五金,https://market.591.com.tw/5859668,54,2022-10-27,market
文山區,NA,113,遠雄晴川,748.0,367,49.11,560,35,1,29,5,168,171,0,171,NA,NA,NA,遠雄建設,三門聯合建築師事務所,遠雄營造,遠雄房地產,SRC,朝北、朝南,平面式171個、無充電樁,1:1.02,住商用,第三種商業區,3954元/戶/月,NA,NA,NA,1幢，1棟，158戶住家，10戶店面,"地上29層,地下5層",台北市文山區木柵路三段169巷10號,暫無,https://market.591.com.tw/49596,53,2022-10-26,market
文山區,NA,113,喆美,295.0,159,54.2,560,34.2,1,14,4,124,3,76,79,NA,NA,NA,左耳開發建設、華鋐企業,吳非士建築師事務所,暫無,信義代銷,RC、SRC,朝東北、朝西北、朝西南,平面式3個、機械式76個、無充電樁,1:0.64,住商用,第三種商業區,100元/戶/月,六國,陳鵬旭,吳非士建築師事務所,1幢，1棟，112戶住家，12戶店面,"地上14層,地下4層",台北市文山區景後街180號,林內廚具、TOTO衛浴、YKK氣密窗、DURGO吸氣閥、BWT淨水器、LOW-E玻璃、隔熱沙漿、3M廚下型生飲,https://market.591.com.tw/3667193,54,2022-10-27,market
文山區,NA,113,久康青沺,172.0,72,42.17,225,34,1,12,2,38,2,19,21,NA,NA,NA,豪盛建設,PGA周簡建築事務所,偉信營造,信義代銷,RC,朝東、朝東南、朝西,平面式2個、機械式19個、無充電樁,1:0.55,住家用,第三種住宅區,120元/戶/月,NA,NA,NA,1棟，38戶住家,"地上12層,地下2層",台北市文山區木柵路三段85巷,櫻花廚具、TOTO衛浴、YKK窗框搭配5+5Low-E玻璃、sunon雙流新風機,https://market.591.com.tw/103129,57,2022-10-26,market
文山區,NA,113,和邦羅斯芙,92.0,38,42.3,225,39,1,11,2,30,0,11,11,NA,NA,NA,和邦建設,葉育廷、尹彥程建築師事務所,暫無,金磚動力行銷,RC,朝東北、朝東南,機械式11個、無充電樁,1:0.37,住家用,住宅區,150元/坪/月,NA,許植昀,NA,1幢，1棟，30戶住家,"地上11層,地下2層",台北市文山區羅斯福路六段與育英街口,studor通氣防疫系統、GreenWER防霾紗網、TOTO浴室止滑磚&奈米填縫劑、TOTOWaSHLET+單體式馬桶、SAKURA櫻花廚具+微波烤爐&淨水器、hansgrohe五金龍頭、KOHLER浴室六合一暖風機、innoci浴櫃&鏡櫃、SHOWA氣密窗、KRONOTEX木地板&EP防潮隔音墊、60A等級防火遮煙鑄鋁鋼木藝術門、dormakaba四合一電子鎖、SECOM中興保全智慧安全系統、WAGO電力安全接線工法、L-Best鋇斯特電動曬衣架,https://market.591.com.tw/3695032,57,2022-10-26,market
文山區,NA,112,松露院,2673.0,924,34.58,225,32,3,11,3,79,94,0,94,NA,NA,NA,咊暘建設,鍾美惠建築師事務所,暫無,光合行銷,RC,朝西、朝南、朝西北、朝西南,平面式94個、無充電樁,1:1.19,住家用,第三種住宅區,100元/戶/月,NA,NA,NA,3棟，79戶住家,"地上11層,地下3層",台北市文山區秀明路二段,RC,https://market.591.com.tw/101335,53,2022-10-26,market
文山區,NA,112,蔚來之森,1911.0,229,12.0,120,35,4,5,3,58,25,42,67,NA,NA,NA,恆德建設,謝仕煌建築師事務所,暫無,光合行銷,RC,朝東,平面式25個、機械式42個、無充電樁,1:1.16,住家用,第二種住宅區、住宅區,3185元/戶/月,NA,NA,NA,4幢，4棟，58戶住家,"地上5層,地下3層",台北市文山區福興路97號,RC鋼筋混凝土,https://market.591.com.tw/3681798,54,2022-10-26,market
文山區,NA,112,台大公館,607.0,252,41.64,225,34,2,15,4,117,110,0,110,NA,NA,NA,元興建設,李文勝建築師事務所,暫無,海悅地產開發,RC,朝西、朝東,平面式110個、無充電樁,1:0.94,住家用,第三種住宅區,4621元/戶/月,一口設計,王思敏,陳宇晃,1幢，2棟，117戶住家,"地上15層,地下4層",台北市文山區溪州街67號旁,Noblessa廚具；TOTO、Hansgrohe衛浴,https://market.591.com.tw/104142,54,2022-10-26,market
文山區,106,112,政大爵鼎NO.1,135.0,58,43.34,225,39.8,1,8,3,36,0,16,16,6,106建字第215號,6,富鉅祿建設,游素秋建築師事務所,昱嘉營造,詮力實業,RC,朝南,機械式16個、無充電樁,1:0.44,住家用,第三種住宅區,150元/戶/月,六國,科益室內裝修,吳非士建築師事務所,1棟，36戶住家,"地上8層,地下3層",台北市文山區指南路三段77巷,結構規劃：周泉盛結構技師英國Studor排水通氣防疫系統、德國BWT全自動前置過濾系統、長庚諧振活化水系統、美國Everpure廚下生飲淨水器、廚下雙溫加熱器、日系showa鋁門窗，搭配5+10+5Low-E複層中空玻璃、三菱變頻智能電梯、櫻花三機、和成牌超級馬桶、和成牌多功能暖風機、德國超耐磨木地板(搭配減噪21dB隔音墊)、美國Kwikset四合一指紋密碼鎖、感應式信箱、社區門禁人臉辨識系統,https://market.591.com.tw/49622,54,2022-10-27,market
文山區,106,112,政大爵鼎NO.2,77.0,33,43.41,225,40,1,7,2,25,0,9,9,6,106建字第0185號,6,富鉅祿建設,游素秋建築師事務所,昱嘉營造,詮力實業,RC,朝北,機械式9個、無充電樁,1:0.36,住家用,第三種住宅區,150元/坪/月,無,科益室內裝修,無,1幢，1棟，25戶住家,"地上7層,地下2層",台北市文山區指南路三段77巷,結構規劃：周泉盛結構技師英國Studor排水通氣防疫系統、德國BWT全自動前置過濾系統、長庚諧振活化水系統、美國Everpure廚下生飲淨水器、廚下雙溫加熱器、日本showa鋁門窗，搭配5+10+5Low-E複層中空玻璃、三菱變頻智能電梯、Svago單口感應爐、櫻花牌排油煙機、櫻花牌烘碗機、和成牌超級馬桶、和成牌多功能暖風機、德國超耐磨木地板(搭配減噪21dB隔音墊)、美國Kwikset四合一指紋密碼鎖、社區門禁人臉辨識系統,https://market.591.com.tw/105089,53,2022-10-27,market
文山區,107,隨時交屋,自慢藏,860.0,297,34.6,360,31.9,2,22,4,165,171,0,171,4,107建字第0132號,4,沅利建設、巨悅建設,彭繼賢建築師事務所,日商日本國土開發,信義代銷,SRC鋼骨鋼筋混凝土結構,朝東,平面式171個、有充電樁,1:1.04,住商用,第一種商業區,120元/坪/月,頤和設計、大漢景觀設計工程,頤和設計、大漢景觀設計工程,待定,2幢，2棟，161戶住家，4戶店面,地上22層，地下4層,台北市文山區汀洲路四段281~291號,林內廚具、TOTO衛浴、Hansgrohe五金,https://newhouse.591.com.tw/127371/detail,82,2022-10-27,newhouse
文山區,106,111,天賞大願,921.0,432,47.01,560,33.5,2,21、29,4,253,89,209,298,5,106建字第0139號,5,兆晉建設、璞石建設,呂建勳建築師事務所,待定,璞全廣告,SC鋼骨結構,朝東,平面式89個、機械式209個,1:1.18,住商用,第三種商業區,90元/坪/月,暫無,暫無,暫無,2棟，245戶住家，8戶店面,地上21、29層，地下4層,台北市文山區保儀路50號,panasonic廚具、ToTo衛浴、panasonic全熱交換器,https://newhouse.591.com.tw/115024/detail,86,2022-10-26,newhouse
文山區,105,隨時交屋,文山晶硯,98.0,44,45.0,225,36.4,1,9,1,23,0,9,9,NA,105建字第0155號,NA,東其建設,林隆成建築師事務所,裕臺營造,東其建設,RC鋼筋混凝土結構,朝西北,機械式9個,1:0.39,住家用,第三種住宅區,100元/坪/月,無,無,陳琨皓設計師、彭薇蓁設計師,1幢，1棟，23戶住家,地上9層，地下1層,台北市文山區忠順街一段41巷8號及光輝路134巷口,SAKURA廚具、TOTO衛浴,https://newhouse.591.com.tw/127125/detail,81,2022-10-27,newhouse
文山區,104,隨時交屋,玖原青,69.0,31,45.0,225,31,1,7,1,13,0,7,7,NA,104建字第0040號,NA,玖祐建設,黃翔龍建築師事務所,富霖營造,玖祐建設,RC鋼筋混凝土結構,朝西北、朝東南,機械式7個,1:0.54,住商用,第三種住宅區,待定,禹連泉設計,禹連泉設計,禹連泉設計,1棟，12戶住家，1戶店面,地上7層，地下1層,台北市文山區育英街83號,林內廚具、德國GROHE衛浴,https://newhouse.591.com.tw/126349/detail,85,2022-10-26,newhouse
文山區,,104,岳泰峰範,1282.0,782,61.06,560,34,2,33,6,238,470,0,470,NA,,NA,岳泰建設,王文凱(元宏聯合建築師事務所),林金塗(鵬霖營造),岳泰建設,SRC,朝西、朝東北,平面式470個、無充電樁,1:1.97,住家用,第三種商業區,4263元/戶/月,何鴻志建築師事務所,何鴻志建築師事務所,騰雲設計,2棟，231戶住家，7戶店面,"地上33層,地下6層",台北市文山區景文街86號,暫無,https://market.591.com.tw/7192,53,2022-10-26,market
松山區,110,113,鐫萃,603.0,317,52.62,630,37,2,23、24,6,118,119,8,127,3,110建字第0101號,3,大陸建設＆台北馥敦飯店,陳廷杰建築師事務所、ACPV建築設計團隊,大陸工程,甲桂林廣告,SC鋼骨結構,朝南,平面式119個、機械式8個,1:1.08,住商用,第二種商業區，第三種住宅區,待定,ACPV建築設計團隊,ACPV建築設計團隊,ACPV建築設計團隊,1幢，2棟，116戶住家，1戶一般旅館業，1戶事務所,地上23、24層，地下6層,台北市松山區南京東路五段32號,SC鋼骨,https://newhouse.591.com.tw/127900/detail,84,2022-10-26,newhouse
松山區,110,113,敦北南京,190.0,123,65.0,560,31,1,15,4,84,1,48,49,3,110建字第166號,3,敦年建設,台北國際聯合建築師事務所,久年營造,元陞廣告,RC鋼筋混凝土結構,朝北、朝南,平面式1個、機械式48個,1:0.58,住商用,商三特(商二),150元/坪/月,無,無,陳天祥建築師,1幢，1棟，81戶住家，3戶店面,地上15層，地下4層,台北市松山區南京東路四段63號旁,Panasonic廚具、Kohler衛浴、Hansgrohe五金設備,https://newhouse.591.com.tw/128006/detail,86,2022-10-26,newhouse
松山區,110,115,吉美艾麗,210.0,142,68.0,560,35.77,1,14,4,105,39,10,49,5,110建字第0271號,5,吉美建設,陳浩怡建築師事務所,待定,好德麥實業,RC鋼筋混凝土結構,朝北,平面式39個、機械式10個,1:0.47,住商用,第三種商業區,待定,聿善景觀設計,聿善景觀設計,築內設計,1幢，1棟，102戶住家，2戶店面，1戶宗教建築,地上14層，地下4層,台北市松山區八德路四段480號,外觀設計：MAG玫格設計。建材：廚具ODDO廚飾、德國HETTICE絞鍊、美國杜邦人造石檯面、櫻花烘碗機、隱藏式除油煙機、SVAGO雙口感應爐、3M淨水器、SVAGO洗脫烘、BUDER加熱器。衛浴：TOTO最新式全自動馬桶、德國GROHE衛浴設備、德國KALDEWEI浴缸。其他：日本三協鋁窗、LOW-E玻璃、瑞典DURGO吸氣閥、德國太格木地板、六合一電子門鎖、長庚活水系統。,https://newhouse.591.com.tw/129101/detail,89,2022-10-26,newhouse
松山區,109,111,敦化豐華,201.0,98,49.0,560,36,1,11,3,23,28,0,28,2,109建字第0208號,2,豐華開發,林志崧建築師事務所,地樺營造,新聯陽機構－新聯祥廣告,RC鋼筋混凝土結構,朝北,平面式28個,1:1.22,住商用,商三特,待定,林志崧建築師事務所,林志崧建築師事務所,林志崧建築師事務所,1幢，1棟，19戶住家，4戶店面,地上11層，地下3層,台北市松山區南京東路三段256巷53號旁,結構設計:聯邦工程顧問,https://newhouse.591.com.tw/125641/detail,99,2022-10-26,newhouse
松山區,NA,114,衍見築,394.0,176,44.9,225,33.8,1,17,4,45,71,0,71,NA,NA,NA,忠泰建設、永沛開發建設,奧伊勒吳聯合事務所、王克誠建築師事務所,忠泰營造,璞全廣告,SC,朝北、朝南、朝東,平面式71個、無充電樁,1:1.58,住家用,第三種住宅區,暫無,木荷景觀,築內國際,十聿照明,1幢，1棟，45戶住家,"地上17層,地下4層",台北市松山區敦化北路120巷,待定,https://market.591.com.tw/105144,53,2022-10-27,market
松山區,NA,114,敦北文華,166.0,74,44.98,225,33.8,1,10,2,33,2,23,25,NA,NA,NA,淞瀚建設、磐鼎建設,葉錠坤建築師事務所,億東營造,桔禾行銷,RC,朝東、朝北,平面式2個、機械式23個、無充電樁,1:0.76,住商用,第三種住宅區,暫無,NA,NA,NA,1幢，1棟，31戶住家，2戶店面,"地上10層,地下2層",台北市松山區南京東路四段52巷21號旁,待定,https://market.591.com.tw/104205,55,2022-10-26,market
松山區,108,112,民生鉑月,416.0,186,44.94,225,31.31,1,12、15,4,68,93,4,97,4,108建字第0109號,4,將作建設,鍾美惠建築師事務所,大盈營造,自售,RC鋼筋混凝土結構,朝南、朝東,平面式93個、機械式4個,1:1.43,住家用,第三種住宅區,100元/坪/月,9STUDIODESIGNGROU,9STUDIODESIGNGROU,9STUDIODESIGNGROU,2幢，1棟，68戶住家,地上12、15層，地下4層,台北市松山區延壽街18巷1號,建材:DAIKINPM2.5過濾器+全熱交換器。DAIKIN冷暖變頻室外主機。TOTO衛浴、YKK氣密窗。高彩度廣角魚眼攝影機。SMART-KEY智慧感應讀卡系統。義大利進口CIAS門鎖、日本進口CLEANUP櫥具。,https://newhouse.591.com.tw/125023/detail,84,2022-10-27,newhouse
松山區,108,113,碧硯閣,1446.0,562,38.9,225,31,4,24,4,290,309,0,309,5,108建字第0140號,5,中華工程,張玉樹建築師事務所,中華工程,自售,SRC鋼骨鋼筋混凝土結構,朝北、朝南,平面式309個,1:1.07,住商用,第三種住宅區,待定,境業設計工程,境業設計工程,境業設計工程,4幢，4棟，278戶住家，12戶店面,地上24層，地下4層,台北市松山區三民路80巷及延壽街72巷,Dormakaba玄關門鎖、YKK室內鋁窗(玻璃)、KOHLER廚具、康沛石檯面、林內三口瓦斯爐、林內隱藏式排油煙機、林內廚下型烘碗機、Hansgrohe廚房伸縮龍頭、諾得廚下型淨水器。主浴室：BLB浴缸、Hansgrohe浴缸水龍頭、Hansgrohe手持花灑+升降桿組、KOHLER馬桶、KOHLER方形下崁面盆、Hansgrohe單槍面盆龍頭。客浴室：Hansgrohe淋浴龍頭、Hansgrohe手持花灑+升降桿組、KOHLER馬桶+免治馬桶座、KOHLER方形下崁面盆、Hansgrohe面盆龍頭。,https://newhouse.591.com.tw/128909/detail,82,2022-10-26,newhouse
松山區,NA,113,陞遠學,118.0,57,49.13,225,36.8,1,10,2,25,0,18,18,NA,NA,NA,陞遠建設開發,陳建宏建築師事務所,暫無,賦盈廣告行銷,RC,朝北、朝南,機械式18個、無充電樁,1:0.72,住家用,第三種住宅區,130元/坪/月,和築設計,和築設計,和築設計,1幢，1棟，25戶住家,"地上10層,地下2層",台北市松山區南京東路四段120巷19弄28號,待定。,https://market.591.com.tw/3645955,54,2022-10-26,market
松山區,NA,111,松蔦青語,201.0,120,60.0,560,33,1,15,3,112,0,47,47,NA,NA,NA,大家地產,林祺錦建築師事務所,大家營造,潤鼎廣告,RC,朝東、朝南,機械式47個、無充電樁,1:0.42,住商用,第三種商業區,90元/坪/月,林祺錦建築師事務所,林祺錦建築師事務所,林祺錦建築師事務所,1幢，1棟，108戶住家，4戶店面,"地上15層,地下3層",台北市松山區松河街76號,廚具：高級歐式陶磁鋼烤面板廚具、杜邦人造石檯面、櫻花抽油煙機、玻璃檯面式瓦斯爐（部分戶別）、進口高級IH爐（部分戶別）、BOSCH洗碗機、HANSGROHE洗槽龍頭、廚下生飲淨水器、雙溫飲水龍頭。衛浴：Panasonic全自動電腦免治馬桶、KOHLER鏡箱、INNOCI一體化陶瓷檯面盆及鋼琴烤漆浴室櫃、HANSGROHE龍頭、淋浴蓮蓬頭及花灑。五金：HANSGROHE。其他：EDS制震壁40組（2~6F）、德國BWT大樓淨水設備、玄關電子門鎖、STUDOR吸氣閥、FTTH光纖到府、雨水回收系統。,https://market.591.com.tw/102890,54,2022-10-26,market
桃園市龍潭區,108桃市都建執照字第龍01251號,隨時交屋,璞玥,419.0,235,56.16,特定農業區甲種建築用地,NA,12,5,地上5,12,0,0,0,NA,108桃市都建執照字第龍01251號,NA,春雄建設,陳登光建築師事務所,興億營造,自售,RC鋼筋混凝土結構,朝西北、朝西南、朝東北,「璞玥風華」位於桃園市龍潭區福龍路三段7號，由春雄建設投資興建，興億營造營造，陳登光建築師事務所建築設計，基地面積418.92坪、建蔽率56.16。樓層規劃地上5層透天建築，共有12戶住家，格局坪數規劃地坪30~50坪、建坪88~146坪，面寬5~7.2米、縱深10.55~13.5米。1樓停車，結構採RC鋼筋混凝土，建材有櫻花四機廚具、和成衛浴、和成五金。周邊環境，車程約5~7分鐘即可抵達學區龍星國小及武漢國中，車程約3分鐘可...,NA,住家用,特定農業區甲種建築用地,待定,無,無,無,2幢，12棟，12戶住家,地上5層,桃園市龍潭區福龍路三段7號,廚具：櫻花四機衛浴：和成五金：和成,https://newhouse.591.com.tw/127207/detail,98,2022-10-27,newhouse
萬華區,111,114,康HOME,127.0,74,58.62,800,32.15,1,12,2,44,0,26,26,3,111建字第0182號,3,康景建設,陳肇勳建築師事務所,待定,信義代銷,RC鋼筋混凝土結構,朝北,機械式26個,1:0.59,住商用,第四種商業區,80元/坪/月,無,無,陳錦德設計師,1幢，1棟，42戶住家，2戶店面,地上12層，地下2層,台北市萬華區永福街104號,廚具：MIT櫻花三機，衛浴：INAX龍頭、面盆、花灑、Panasonic電腦馬桶、多功能暖風機，其他：全戶淨水、STUDOR吸氣閥,https://newhouse.591.com.tw/131143/detail,84,2022-10-26,newhouse
萬華區,111,116,貴暘御景-豪景樓,106.0,79,74.54,800,33.76,1,15,3,57,0,30,30,5,111建字第0118號,5,和暘建設,童志祥建築師事務所,待定,傳真行銷-傳捷廣告,RC鋼筋混凝土結構,朝北、朝南,機械式30個,1:0.53,住商用,第四種商業區,135元/坪/月,無,無,坤儀室內裝修設計,1幢，1棟，52戶住家，1戶店面，4戶一般事務所,地上15層，地下3層,台北市萬華區貴陽街、中華路口,林內廚具、INAX衛浴、INAX五金、YKK氣密窗、BWT全棟自動泥沙雜質過濾器、飛利浦電子門鎖、愛惠浦櫥下型淨水生飲。,https://newhouse.591.com.tw/130903/detail,82,2022-10-27,newhouse
萬華區,110,113,萬大境,309.0,150,48.6,225,32.9,1,14,2,56,24,25,49,3,110建字第116號,3,峰禾建設開發,賴恩常建築師事務所,待定,鴻慶廣告,RC鋼筋混凝土結構,朝西南,平面式24個、機械式25個、預留充電樁管線,1:0.88,住商用,第三種住宅區,待定,無,無,無,1幢，1棟，52戶住家，4戶店面,地上14層，地下2層,台北市萬華區西園路二段281巷,RC鋼筋混凝土,https://newhouse.591.com.tw/127710/detail,82,2022-10-26,newhouse
萬華區,110,116,西門H,115.0,86,75.0,800,34.7,1,15,4,86,0,37,37,6,110建字第118號,6,吉峻建設,吳成榮建築師事務所,待定,政安廣告,RC鋼筋混凝土結構,朝西,機械式37個,1:0.43,住家用,第四種商業區,100元/坪/月,無,無,無,1幢，1棟，86戶住家,地上15層，地下4層,台北市萬華區康定路147號,廚具：Cleanup、衛浴：INAX、五金：INAX、三機：林內、氣密窗：YKK、電子鎖：WAFERLOCK,https://newhouse.591.com.tw/127346/detail,88,2022-10-26,newhouse
萬華區,109,111,樂揚煦煦,217.0,97,45.0,225,39.2,1,8,3,30,25,5,30,2,109建字第0221號,2,樂揚建設,昌瑜建築師事務所,順緯營造,建設公司自售,RC鋼筋混凝土結構,朝北、朝南、朝西、朝東,平面式25個、機械式5個,1:1,住商用,住三,120元/坪/月,紅谷花苑,紅谷花苑,左越設計/晴璞設計,1棟，28戶住家，2戶店面,地上8層，地下3層,台北市萬華區萬大路,結構體保固20年、防水保固5年、固定設備保固2年，社區搭配OTIS電梯，Panasonic廚具，KOHLER衛浴瓷器、Hansgrohe冷熱水龍頭，,https://newhouse.591.com.tw/126057/detail,82,2022-10-26,newhouse
萬華區,NA,114,萬錦,1099.0,421,38.31,225,33,3,15,3,146,166,0,166,NA,NA,NA,民凱建設,三門聯合建築師事務所,億東營造,信義代銷,RC,朝東南,平面式166個、預留管線,1:1.14,住商用,第三種住宅區,100元/戶/月,三門聯合建築師事務所,三門聯合建築師事務所,三門聯合建築師事務所,1幢，3棟，144戶住家，2戶店面,"地上15層,地下3層",台北市萬華區民和街,林內三機廚具、INAX衛浴、INAX五金、日鐵制震、候選黃金級綠建築,https://market.591.com.tw/5868867,53,2022-10-27,market
萬華區,109,114,中正城閱,621.0,246,39.62,225,34,2,6、14,3,95,83,0,83,5,109建字第219號,5,旭泰建築/千曜開發實業,彭繼賢建築師事務所,松禾營造,旭泰建築/千曜開發實業,RC鋼筋混凝土結構,朝北、朝南、朝東,平面式83個,1:0.87,住商用,第三種住宅區,100元/坪/月,無,無,暫無,2幢，2棟，92戶住家，3戶店面,地上6、14層，地下3層,台北市萬華區西藏路424號（南海實幼右轉入）,RINNAI廚具、INAX衛浴、NITTO日本進口磁磚、東和鋼鐵、力泰水泥、柱中柱結構,https://newhouse.591.com.tw/126906/detail,83,2022-10-26,newhouse
萬華區,NA,114,昇陽逸居,285.0,128,44.99,225,36.78,1,11,3,73,36,0,36,NA,NA,NA,昇陽建設企業,陳聰亨建築師事務所,暫無,傳美廣告,RC,朝東北,平面式36個、無充電樁,1:0.49,住商用,第三種住宅區,100元/坪/月,NA,NA,NA,1幢，1棟，67戶住家，6戶店面,"地上11層,地下3層",台北市萬華區中華路二段、南海路口,RC鋼筋混凝土,https://market.591.com.tw/3668394,56,2022-10-26,market
萬華區,NA,114,冠輝京品,228.0,101,44.69,560,33.7,1,11,2,55,0,28,28,NA,NA,NA,冠輝建設,林祺錦建築師事務所,暫無,冠輝建設,RC,朝北,機械式28個、無充電樁,1:0.51,住商用,商業區,暫無,NA,NA,NA,1幢，1棟，50戶住家，5戶店面,"地上11層,地下2層",台北市萬華區艋舺大道194號,黃金級綠建築候選標章、0.324G制震6級,https://market.591.com.tw/3699640,55,2022-10-26,market
萬華區,NA,114,西園町,140.0,68,49.0,560,33,1,12,3,35,1,28,29,NA,NA,NA,慶嶸建設,張玉樹建築師事務所,暫無,巨將創意廣告,RC,朝北、朝東,平面式1個、機械式28個、無充電樁,1:0.83,住家用,商業區,100元/戶/月,喜案國際,李俊平設計師,NA,1幢，1棟，35戶住家,"地上12層,地下3層",台北市萬華區西園路一段36號,櫻花廚具、TOTO衛浴,https://market.591.com.tw/3669655,53,2022-10-26,market
萬華區,109,114,曉南門,101.0,70,70.1,560,34.93,1,14,4,44,0,30,30,5,109建字第0019號,5,維陽建設(水美開發),寬泉聯合建築師事務所,春輝營造,自建自,RC鋼筋混凝土結構,朝北、朝西南,機械式30個,1:0.68,住商用,第三種商業區,160元/坪/月,永鉅國際,永鉅國際,永鉅國際,1幢，1棟，43戶住家，1戶店面,地上14層，地下4層,台北市萬華區廣州街、昆明街口,暫無,https://newhouse.591.com.tw/126900/detail,83,2022-10-26,newhouse
萬華區,NA,113,東騰元町,294.0,198,67.6,800,36.8,1,18,5,129,78,0,78,NA,NA,NA,東騰開發,李文勝建築師事務所,暫無,慕樺廣告,RC,朝南、朝西,平面式78個、無充電樁,1:0.6,住商用,第四種商業區,1675元/戶/月,NA,NA,NA,1幢，1棟，124戶住家，5戶店面,"地上18層,地下5層",台北市萬華區西昌街134號,RC,https://market.591.com.tw/101986,53,2022-10-27,market
萬華區,NA,113,德謙驛,178.0,72,40.77,560,36.29,1,10,3,37,0,18,18,NA,NA,NA,德謙建設,黃翔龍建築師事務所,暫無,信義代銷,RC,朝北、朝南、朝西、朝東、朝西北、朝西南、朝東北、朝東南,機械式18個、無充電樁,1:0.49,住商用,第三種商業區,暫無,NA,NA,NA,1幢，1棟，36戶住家，1戶店面,"地上10層,地下3層",台北市萬華區艋舺大道88號,Leicht廚具、Duravit衛浴、Hansgrohe五金、IMOLA、TUSCANIA地磚,https://market.591.com.tw/3677343,53,2022-10-27,market
萬華區,NA,113,新碩華御,112.0,83,74.3,800,33.7,1,14,2,39,0,24,24,NA,NA,NA,新碩建設,高仲廷建築師事務所,遠碩營造,信義房屋代銷部,RC,朝北、朝南,機械式24個、無充電樁,1:0.62,住家用,第四種商業區,暫無,NA,邵俊夫&方薇建築師,NA,1棟，39戶住家,"地上14層,地下2層",台北市萬華區貴陽街二段17巷旁,RC鋼筋混凝土，廚房：stormer廚櫃/Rinnai瓦斯爐/SVAGO微烤箱，衛浴：V&B面盆、Inax馬桶，地磚：太格德國精工木地板，五金：GROHE，其他：YKK氣密窗。,https://market.591.com.tw/102567,54,2022-10-26,market
萬華區,108,113,首傅晴海 ,90.0,48,53.9,560,36.5,1,14,3,67,1,19,20,5,108建字第0102號,5,首傅建設,向度聯合建築師事務所,萬鈞營造,海揚廣告,RC鋼筋混凝土結構,朝西,平面式1個、機械式19個,1:0.3,住商用,第三種商業區,100元/坪/月,向度聯合建築師事務所,向度聯合建築師事務所,待定,1幢，1棟，66戶住家，1戶一般事務所,地上14層，地下3層,台北市萬華區環河南路二段47號旁,櫻花廚具、INAX、美標衛浴,https://newhouse.591.com.tw/127560/detail,84,2022-10-26,newhouse
萬華區,108,113,首傅晴海,90.0,48,53.9,560,36.5,1,14,3,67,1,19,20,5,108建字第0102號,5,首傅建設,向度聯合建築師事務所,萬鈞營造,海揚廣告,RC鋼筋混凝土結構,朝西,平面式1個、機械式19個,1:0.3,住商用,第三種商業區,100元/坪/月,向度聯合建築師事務所,向度聯合建築師事務所,待定,1幢，1棟，66戶住家，1戶一般事務所,地上14層，地下3層,台北市萬華區環河南路二段47號旁,櫻花廚具、INAX、美標衛浴,https://newhouse.591.com.tw/127560/detail,82,2022-10-26,newhouse
萬華區,NA,113,久年慕舍,78.0,59,76.49,800,34.96,1,15,4,50,0,24,24,NA,NA,NA,久年置地,陳福助建築師事務所,久年營造,荷實創意,RC,朝西、朝東,機械式24個、無充電樁,1:0.48,住家用,第四種商業區,130元/戶/月,NA,創揚室內設計團隊,NA,1幢，1棟，50戶住家,"地上15層,地下4層",台北市萬華區昆明街180號,YKK氣密窗、PANASONIC日系進口廚具、INAX衛浴、八道健康防疫概念建材設備、潤泰精材隔音墊,https://market.591.com.tw/5854521,55,2022-10-27,market
萬華區,107,112,岳泰豐鼎,371.0,239,64.67,800,38,1,23,5,187,71,38,109,5,107建字第0002號,5,岳泰建設,三門聯合建築師事務所,鵬霖營造,五十甲廣告,SC鋼骨結構,朝東北,平面式71個、機械式38個,1:0.58,住商用,第四種商業區,100元/坪/月,無,無,萊比設計工程,1幢，1棟，177戶住家，10戶店面,地上23層，地下5層,台北市萬華區漢口街二段88號,日本衛浴第一品牌─TOTO全自動智慧馬桶。․日本生活家電首要名牌─Panasonic多功能暖風機․德國最佳名牌獎、設計獎─Ballerina頂級廚櫃、林內三機。․美國股神巴菲特唯一信賴ECOWATER全棟淨水設備。․台灣研發Low-E低輻射玻璃，隔熱、節能、隔音、透光性絕佳。維夫拉克美國認證電子鎖,https://newhouse.591.com.tw/130899/detail,85,2022-10-26,newhouse
萬華區,NA,111,隱苑,473.0,165,35.0,225,32.85,1,14,3,101,83,0,83,NA,NA,NA,時詣建設X山琳建設,蕭力仁建築師事務所,聯邦工程顧問、昇邦營造,自建自售,RC,朝西北、朝西南、朝東北、朝東南,平面式83個、無充電樁,1:0.82,住家用,第三種住宅區,100元/戶/月,NA,洪仲誼設計師、閤里居空間設計,NA,1幢，1棟，101戶住家,"地上14層,地下3層",台北市萬華區寶興街140巷5號,林內廚具、TOTO衛浴、不二鋁門窗、EPS制震,https://market.591.com.tw/44479,53,2022-10-27,market
萬華區,NA,111,榮耀西門,434.0,324,74.83,800,34,2,15,4,165,11,32,43,NA,NA,NA,榮曜建設,廖錦盈建築師事務所,億東營造,信義代銷,RC,朝東南、朝東北、朝北,平面式11個、機械式32個、無充電樁,1:0.26,住商用,第四種商業區,1900元/戶/月,NA,NA,NA,2幢，2棟，158戶住家，7戶店面,"地上15層,地下4層",台北市萬華區漢中街156號旁,TOTO衛浴,https://market.591.com.tw/104471,53,2022-10-27,market
萬華區,NA,111,新碩華悅,423.0,317,75.0,800,33,1,22,6,165,119,21,140,NA,NA,NA,新碩建設,簡俊卿建築師事務所,遠碩營造,信義代銷,SC,朝東南,平面式119個、機械式21個、無充電樁,1:0.8,住商用,第四種商業區,90元/坪/月,楊智瑤設計師,李東燦設計師,陳宇晃燈光師,1棟，159戶住家，6戶店面,"地上22層,地下6層",台北市萬華區柳州街3號旁,SC鋼骨結構,https://market.591.com.tw/53764,54,2022-10-27,market
萬華區,NA,111,基泰建中,206.0,92,44.68,225,35,1,9,2,38,22,0,22,NA,NA,NA,基泰建設,彭繼賢建築師事務所,暫無,金鼎揚廣告,RC,朝南,平面式22個、無充電樁,1:0.58,住商用,第三種住宅區,100元/坪/月,NA,域研近相空間設計,NA,1幢，1棟，36戶住家，2戶店面,"地上9層,地下2層",台北市萬華區莒光路旁,RC鋼筋混凝土。,https://market.591.com.tw/54005,54,2022-10-26,market
萬華區,106,隨時交屋,華造峰格,64.0,39,61.59,560,36,1,15,2,23,0,11,11,NA,106建字第0160號,NA,華造建設,葉日明建築師事務所,信升昌營造,全悅廣告、萬海行銷,SRC鋼骨鋼筋混凝土結構,朝西,機械式11個,1:0.48,住商用,第三種商業區,90元/坪/月,無,無,無,1幢，1棟，21戶住家，2戶店面,地上15層，地下2層,台北市萬華區康定路259號,SRC耐震六級，innoci衛浴、panasonic換氣冷暖風機、Hansgrohe五金、dormakaba電子門鎖、門廳panasonic奈米水離子發生器、電梯崇友空氣清淨機,https://newhouse.591.com.tw/126907/detail,83,2022-10-26,newhouse
